Besin Adı;Kalori;Protein (g);Karbonhidrat (g);Yağ (g);Lif (g);Porsiyon Boyutu
Ada Çayı;1;0;0,2;0;0;1 Fincan (150 g)
Ahududu Nektarı;56;0,5;12,39;0,1;0;1 Su Bardağı (200 g)
Alabalık (Füme);120;21,76;0;9,56;0;1 Porsiyon (150 g)
Acılı Ezme;81;1,5;12,52;2,76;1,4;1 Porsiyon (85 g)
Acı Biber Salçası;126;4,37;22,16;1,83;4,43;1 Porsiyon (15 g)
Acem Pilavı;196;9,11;17,83;9,7;1,15;1 Porsiyon (152 g)
Adana Kebap;361;13,9;1,06;19,43;0,59;1 Porsiyon (151 g)
Akıtma;197;3,4;14,25;13,78;0,91;1 Porsiyon (65 g)
Adana Dürüm;163;13,91;7,51;22,75;3,34;1 Porsiyon (200 g)
Ahududu Reçeli;269;0,48;64,8;0,11;2,47;1 Tatlı Kaşığı (5 g)
Akdeniz Usulü Piliç;174;10,85;2,79;13,29;0,8;1 Porsiyon (160 g)
Acı Marul;17;1,3;2,34;0,18;1,3;1 Porsiyon (100 g)
Ananas Konservesi;88;0,25;20,83;0,08;0,77;1 Porsiyon (25 g)
Ananas Konservesi (Süzülmüş);87;0,38;20,29;0,13;1,25;1 Porsiyon (25 g)
Ananas Reçeli;278;0,17;67,87;0,05;0,52;1 Tatlı Kaşığı (5 g)
Alabalık Kızartma;239;15,84;8,43;15,38;0,4;1 Porsiyon (245 g)
Amasra Salatası;64;1,14;5,48;4,18;1,79;1 Porsiyon (200 g)
Analı Kızlı Çorba;30;1;6;0,4;0,6;1 Porsiyon (100 g)
Amerikan Salatası;110;2,31;9,98;6,83;1,34;1 Porsiyon (232 g)
Anadolu Çorbası;85;2,8;10,79;3,29;0,95;1 Porsiyon (200 g)
Ananas Nektarı;70;0,21;16,66;0,06;0;1 Su Bardağı (200 g)
Altın Çörek;165;4,82;22,71;6,03;2,95;1 Adet (50 g)
Ali Nazik;57;3,45;2,97;3,38;1,49;1 Porsiyon (250 g)
Alaca Çorbası;159;10,15;28,93;7,26;3,73;1 Porsiyon (130 g)
Antrikot (Pişmemiş);162;18,8;0;9;0;1 Dilim (150 g)
Ananas Suyu;59;0,42;13,35;0,12;0;1 Su Bardağı (200 g)
Anason;337;17,6;50,02;15,9;14,6;1 Porsiyon (5 g)
Antep Fıstığı (Kabuksuz);575;17,64;11,55;51,6;10,61;1 Porsiyon (20 g)
Antrikot (Pişmiş);228;23,96;0;13,96;0;1 Dilim (100 g)
Armut (Kabuksuz);55;0,47;12;0,28;2,6;1 Adet (200 g)
Arifoğlu Karabiber;0;0;0;0;0;1 Çorba Kaşığı (9 g)
Ananas;50;0,54;13,12;0,12;1,4;1 Dilim (90 g)
Anne Sütü;69;1,3;7,2;4,1;0;1 Su Bardağı (200 g)
Antep Fıstığı (Bütün);560;20,16;27,17;45,32;10,6;1 Porsiyon (18 g)
Antep Fıstığı (Kavrulmuş);572;21,05;28,28;45,82;10,3;1 Porsiyon (18 g)
Arabaşı Çorbası;75;7,14;5,86;2,25;0,3;1 Porsiyon (250 g)
Armut Reçeli;152;0,36;34,14;0,22;2,06;1 Porsiyon (113 g)
Arpa Şehriye Çorba;116;5,95;15,88;2,22;4,28;1 Porsiyon (230 g)
Arpa Şehriye;357;11,1;73,4;1,4;3,4;1 Porsiyon (20 g)
Arpacık Soğanı;72;2,5;16,8;0,1;3,2;1 Porsiyon (50 g)
Avcı Böreği;259;11,07;34,21;9,9;0,41;1 Porsiyon (165 g)
Armut Suyu;54;0,46;12,87;0,25;0;1 Porsiyon (200 g)
Armut Nektarı;70;0,23;16,42;0,12;0;1 Su Bardağı (200 g)
Armut Kompostosu;75;0,27;17,1;0,18;1,59;1 Porsiyon (341 g)
Ay Çekirdeği (Çekilmiş);374;37;32,05;10,6;8,9;1 Porsiyon (20 g)
Ay Çekirdeği (Kabuksuz);584;20,78;20;51,46;8,6;1 Porsiyon (20 g)
Avokado;143;0,61;4,36;11,48;9,7;1 Porsiyon (35 g)
Arnavut Ciğeri;198;12,01;11,71;11,17;0,89;1 Porsiyon (190 g)
Badem Ezmesi;272;6,11;23,05;17,65;4,95;1 Porsiyon (23 g)
Ayva Suyu;42;0,38;9,39;0,42;0;1 Porsiyon (200 g)
Badem (Kavrulmamış, Tuzsuz);570;18,72;3,7;54,1;15,18;1 Porsiyon (25 g)
Ayran (Yağsız);27;2;3,2;0,7;0;1 Porsiyon (150 g)
Ay Çekirdeği;564;20,78;20;51,46;8,6;1 Avuç (36 g)
Ayva (Pişmiş);41;0,42;7,65;0,52;6,19;1 Porsiyon (150 g)
Ayçiçek Yağı;884;0;0;100;0;1 Porsiyon (70 g)
Ay Çekirdeği (Kavrulmuş, Tuzsuz);582;19,33;24,07;49,8;11,1;1 Porsiyon (25 g)
Ayva Tatlısı;170;1,14;24,53;6,08;4,19;1 Porsiyon (250 g)
Ayva Nektarı;62;0,19;14,17;0,21;0;1 Su Bardağı (200 g)
Ayvalık Tostu;218;8,19;23,28;10,59;1,29;1 Porsiyon (190 g)
Ayva Reçeli;139;0,16;30,11;0,19;2,26;1 Porsiyon (8 g)
Bademli Keşkül;134;3,86;16,06;5,51;0,53;1 Porsiyon (200 g)
Badem Sütü;24;0,5;3;1,1;0,2;1 Su Bardağı (200 g)
Baharat Çeşitleri;304;7,4;60;3,3;5,91;1 Porsiyon (2 g)
Badem Şekeri;481;9,25;68,25;27;7,5;1 Porsiyon (16 g)
Badem (Kavrulmuş, Tuzlu);598;20,96;21;52,54;10,9;1 Porsiyon (25 g)
Badem Unu;600;23,3;16,7;50;10;1 Çorba Kaşığı (13 g)
Badem Şerbeti;330;7,93;9,26;18,05;3,23;1 Su Bardağı (200 g)
Badem Tatlısı;330;9,43;96,05;1,31;0,81;1 Porsiyon (135 g)
Bademli Tavuk Çorbası;24759;15,66;4,91;17,9;1,06;1 Porsiyon (210 g)
Badem Yağı;884;0;0;100;0;1 Çorba Kaşığı (12 g)
Badem;598;18,6;19,5;54,2;2,6;1 Porsiyon (25 g)
Bademli Sütlü Çikolata;526;9;53,4;34,4;6,2;1 Porsiyon (10 g)
Bahçıvan Örgü Peyniri;286;25;1,5;20;0;1 Porsiyon (25 g)
Bakliyat Türlüsü;161;7,47;17,73;6,7;4,14;1 Porsiyon (115 g)
Bahçıvan Üçgen Peyniri;268;24;7,9;20;0;1 Porsiyon (15 g)
Bahçıvan Dil Peyniri;294;25;1,2;21;0;1 Porsiyon (25 g)
Bahçe Teresi;37;4,2;1,78;1,4;3;1 Porsiyon (15 g)
Bahçıvan Çeçil Peyniri;320;25;1;24;0;1 Porsiyon (20 g)
Bal;307;0,38;75,07;0;0;1 Tatlı Kaşığı (5 g)
Bahçıvan Hellim Peyniri;321;24;2,3;24;0;1 Porsiyon (25 g)
Baklava;288;3,26;39,49;11,96;1,09;1 Porsiyon (90 g)
Bahçıvan Taze Kaşar;350;25;3,9;26;0;1 Porsiyon (20 g)
Baklava Yufkası;316;7,01;64,91;2,63;1,75;1 Adet (32 g)
Bakla Çorbası;27;0,85;3,27;1;0,59;1 Porsiyon (250 g)
Balık Izgara;244;23,11;6,56;12,22;1;1 Porsiyon (150 g)
Balık Yumurtası (Pişmiş);159;29,56;1,76;9,57;0;1 Porsiyon (150 g)
Balık Çorbası;49;4,51;4,43;1,27;0,47;1 Porsiyon (300 g)
Balık Köftesi;117;14,88;3,21;4,85;0,43;1 Adet (75 g)
Balık Salatası;76;9,63;1,59;3,36;0,75;1 Porsiyon (309 g)
Balık Buğulama;199;15,84;9,08;9,58;0,46;1 Porsiyon (150 g)
Balaban Kebabı;160;9,22;18,07;5,22;1,43;1 Porsiyon (312 g)
Balık (Yağsız);96;21,43;0;0,36;0;1 Porsiyon (200 g)
Balık;82;18,3;0;0,9;0;1 Porsiyon (200 g)
Balkabağı Çorbası;29;1,87;2,41;1,19;0,74;1 Kepçe (100 g)
Balık Yumurtası;139;26;1,5;9,05;0;1 Porsiyon (50 g)
Balık Yağı;883;0;0;99,8;0;1 Tatlı Kaşığı (5 g)
Balkabağı Konservesi;34;1,1;8,09;0,28;2,9;1 Porsiyon (50 g)
Balkabağı Turşusu;13;0,57;2,21;0,07;1,08;1 Porsiyon (100 g)
Bamya Çorbası;17;0,46;1,64;0,85;0,72;1 Porsiyon (270 g)
Bamya (Pişmiş);20;2,1;2,2;0,2;5,06;1 Kase (150 g)
Bamya Turşusu;11;1,07;1,07;0,1;2,44;1 Porsiyon (150 g)
Balkabağı (Pişmiş);20;0,72;4,9;0,07;1,1;1 Su Bardağı (245 g)
Balkabağı;25;1,1;4,59;0,13;2,16;1 Porsiyon (120 g)
Balkabağı Tatlısı;182;2,75;22,7;8,08;2,09;1 Porsiyon (140 g)
Balkan Köftesi;202;17,04;1,92;13,78;0,35;1 Porsiyon (215 g)
Balsamik Sirke;88;0,49;17,03;0;0;1 Çay Bardağı (100 g)
Balkabaklı Muhallebi;117;3,12;17,04;3,31;1,09;1 Porsiyon (200 g)
Balkabaklı Diyet Puding;45;2,35;6,65;1,13;0,35;1 Porsiyon (103 g)
Barbunya Konservesi (Pişmiş);162;8,67;22,81;4;2,41;1 Porsiyon (100 g)
Barbun;124;20;0;3;0;1 Adet (75 g)
Barbekü Biftek;183;13,4;5,57;11,62;0,9;1 Porsiyon (150 g)
Bebek Muhallebesi;101;0,85;8,51;7,07;0,08;1 Porsiyon (335 g)
Basmati Pirinci;365;7,13;79,95;0,66;1,3;1 Su Bardağı (160 g)
Bayat Ekmek İçi;112;3,78;20,37;1,5;1,35;1 Porsiyon (30 g)
Bazlama;358;10,16;74,97;0,96;2,68;1 Porsiyon (49 g)
Bat;217;11,72;36,32;1,04;12,39;1 Porsiyon (110 g)
Barbunya Konservesi;85;5,25;15,6;0,34;6,4;1 Kase (100 g)
Bamya;31;2;7;0,2;3,2;1 Su Bardağı (120 g)
Bardak Ayran;38;2;2,8;2,1;0;1 Kutu (300 g)
Bebe Bisküvisi;435;5,5;67,33;15,33;0;1 Porsiyon (8 g)
Beşamel Soslu Patlıcan;146;6,87;3,71;11,54;1,35;1 Porsiyon (300 g)
Bektaşi Üzüm Konservesi;80;0,43;18,33;0,11;1,6;1 Porsiyon (25 g)
Bektaşi Üzümü;44;0,8;8,5;0,2;2,9;1 Porsiyon (150 g)
Bektaşi Üzümü (Dondurulmuş);46;0,84;8,88;0,21;3,03;1 Porsiyon (100 g)
Beyaz Kuru Üzüm;304;3;66,77;1,28;3,42;1 Porsiyon (40 g)
Beyaz Çikolata;539;5,87;59,24;32,09;0,2;1 Parça (5 g)
Beyaz Lahana (Pişmiş);20;1,28;3,02;0,19;2,85;1 Porsiyon (130 g)
Bektaşi Üzümü Reçeli;272;0,3;66,16;0,07;1,07;1 Porsiyon (5 g)
Bektaşi Üzümü (Pişmiş);46;0,84;8,89;0,21;3,1;1 Porsiyon (150 g)
Beşamel Sos;169;3,97;8,31;12,96;0,35;1 Porsiyon (150 g)
Beyaz Ekmek;256;8,09;52,8;0,89;2,29;1 Dilim (25 g)
Beyaz Üzüm Suyu;70;0,64;15,57;0,24;0;1 Porsiyon (200 g)
Beyaz Leblebi;357;19,9;58;4,99;7,74;1 Avuç (20 g)
Beyaz Peynir (Light);185;25;5,5;7;0;1 Porsiyon (30 g)
Beyaz Tost Ekmeği;253;7,36;47,69;3,34;2,95;1 Porsiyon (30 g)
Beyaz Turp;14;1,05;1,89;0,15;2,5;1 Porsiyon (150 g)
Beyaz Pirinç;349;6,83;77,73;0,62;1,39;1 Porsiyon (150 g)
Beyaz Peynir;309;16,1;8,21;23,55;0;1 Dilim (30 g)
Beyaz Sosu;50;0,84;3,02;3,85;0,15;1 Porsiyon (60 g)
Beyaz Üzüm Nektarı;76;0,32;17,76;0,12;0;1 Porsiyon (200 g)
Beyaz Lahana;25;1,37;4,16;0,2;2,96;1 Porsiyon (130 g)
Beyaz Üzüm;71;0,7;15,6;0,3;0,8;1 Porsiyon (120 g)
Beyaz Pirinç (Pişmiş);93;2,03;20,48;0,18;0,43;1 Porsiyon (150 g)
Bezelyeli Erişte;121;6,28;17,55;2,62;3,17;1 Porsiyon (250 g)
Biber Kebabı;75;3,96;7,51;3,23;2,43;1 Porsiyon (220 g)
Biber Tozu;218;12,97;30,65;3,33;39,82;1 Porsiyon (25 g)
Biber Turşusu;24;0,69;2,01;0;6,46;1 Porsiyon (5 g)
Bıldırcın Eti;192;19,53;0;12,05;0;1 Adet (120 g)
Biberiye;57;0,81;7,66;2,51;2,91;1 Porsiyon (5 g)
Bezelyeli Pilav;155;4,84;28,07;2,35;1,65;1 Porsiyon (140 g)
Biftek;214;23,2;0;12,76;0;1 Porsiyon (30 g)
Biber Kavurma;54;1,89;5,09;2,92;1,51;1 Porsiyon (295 g)
Biber Konservesi (Pişmiş);38;0,62;8,02;0,11;1,02;1 Porsiyon (150 g)
Bezelye Çorbası;20;0,7;2,04;1,07;0,53;1 Porsiyon (200 g)
Bezelye Soslu Makarna;145;5,58;18,03;5,47;3,71;1 Porsiyon (160 g)
Bira;42;0,5;3,12;0;0;1 Kutu (330 g)
Bolonez Soslu Makarna;107;4,49;16,85;2,23;0,32;1 Porsiyon (390 g)
Bitter Çikolata;479;5,3;47;30;15,6;1 Parça (5 g)
Boncuk Makarna;345;10,5;75,9;0,3;2,9;1 Porsiyon (100 g)
Böğürtlenli Muhallebi;84;2,96;13,66;1,32;0,28;1 Porsiyon (100 g)
Böğürtlen Reçeli;267;0,44;64,03;0,37;2,43;1 Tatlı Kaşığı (5 g)
Bira (Düşük Alkollü);55;0,5;10,85;0;0;1 Porsiyon (330 g)
Böğürtlen (Dondurulmuş);31;1,25;2,82;1,05;6,9;1 Porsiyon (125 g)
Böğürtlen;30;1,2;2,7;1;6,6;1 Porsiyon (150 g)
Bira (Alkolsüz);37;0,21;8,05;0,12;0;1 Kutu (330 g)
Bıldırcın Yumurtası;158;13,05;0,41;11,09;0;1 Porsiyon (45 g)
Bisküvili Pasta;164;5,1;25,95;3,62;0,89;1 Porsiyon (260 g)
Brokolili Makarna;122;4,94;22,39;1,22;2,35;1 Porsiyon (220 g)
Bonfile Et;149;20,81;0;7,27;0;1 Köfte Kadar (30 g)
Boşnak Mantısı;346;8,68;43,63;14,92;0,91;1 Porsiyon (125 g)
Brokoli Graten;0;6,22;4,86;10,44;2,1;1 Porsiyon (200 g)
Boyoz;435;0,35;70,61;16,56;1,29;1 Adet (60 g)
Brokoli;26;3,3;2,51;0,2;3;1 Porsiyon (150 g)
Bostan Patlıcan;25;1,27;3,05;0,23;2,85;1 Adet (200 g)
Brokoli Çorbası;26;0,91;3,37;0,96;0,97;1 Porsiyon (230 g)
Boşnak Böreği;266;2,27;44,03;8,73;1,78;1 Porsiyon (205 g)
Brokolili Köfte;119;8,54;5,23;6,88;1,98;1 Porsiyon (230 g)
Brokoli (Pişmiş);9;3,16;1,87;0,19;2,37;1 Porsiyon (150 g)
Börülce;118;8,62;16,27;1,85;6,91;1 Porsiyon (140 g)
Buğday İrmiği;326;9,56;68,91;0,79;7,12;1 Çay Bardağı (70 g)
Buğday Kepeği;172;14,85;17,46;4,65;45,39;1 Porsiyon (35 g)
Brokolili Peynirli Omlet;127;7,96;1,53;10,69;1,07;1 Porsiyon (160 g)
Buğday Ruşeymi;360;23,15;51,8;9,72;13,2;1 Porsiyon (27 g)
Bulgur Pilavı;114;2,78;18,19;3,39;2,98;1 Porsiyon (130 g)
Bulgur Çorbası;49;2,31;8,49;0,66;1,13;1 Porsiyon (190 g)
Bulgur (Pişmiş);83;3,08;18,58;0,24;4,5;1 Porsiyon (142 g)
Brüksel Lahanası;36;4,45;3,29;0,34;4,4;1 Porsiyon (150 g)
Brüksel Lahanası (Pişmiş);28;3,76;2,16;0,29;3,84;1 Porsiyon (130 g)
Brokolili Mücver;144;9,05;15,22;5,11;2,88;1 Porsiyon (185 g)
Buğday Unu;364;10,33;76,31;0,98;2,7;1 Porsiyon (50 g)
Buğu Kebabı;142;10,77;1,95;10,18;0,75;1 Porsiyon (215 g)
Çam/Dolmalık Fıstığı;115;24;7,3;50,7;7,2;1 Porsiyon (20 g)
Cacık;41;2,03;3,15;2,12;0,24;1 Porsiyon (310 g)
Çam Balı;327;0,12;81,72;0;0;1 Tatlı Kaşığı (10 g)
Burrito Hamuru;335;6,46;42,81;15,46;3,07;1 Porsiyon (110 g)
Büryan Pilavı;156;5,49;19,34;6,02;0,74;1 Porsiyon (260 g)
Cappucino (Yağlı Süt);39;2,11;3,37;1,98;0;1 Porsiyon (237 g)
Çarliston Biber (Pişmiş);20;1,17;2,91;0,3;3,71;1 Porsiyon (150 g)
Çarliston Biber;20;1,17;2,91;0,3;3,59;1 Porsiyon (60 g)
California Roll Sushi;0;5;19;4;2;1 Porsiyon (140 g)
Burgu Peynir;251;16,5;1,15;20;0;1 Dilim (30 g)
Cappuccino Creamer;502;14,5;53,4;25,5;0,5;1 Paket (20 g)
Canadian Roll Sushi;0;7;21;4,2;0;1 Porsiyon (56 g)
Çavdar Unundan Pide;211;6,04;43,82;0,92;5,72;1 Porsiyon (70 g)
Çavdar Unu;324;6,44;71,03;1,03;6,5;1 Çay Bardağı (70 g)
Çekirdek Türleri;560;24,4;14,22;45,6;8,8;1 Avuç (20 g)
Çekirdekli Ekmek;278;8,28;37,47;10,33;6,47;1 Porsiyon (75 g)
Çekirdeksiz Kuru Erik;226;2,5;51,4;0,6;0;1 Porsiyon (10 g)
Çekilmiş Antep Fıstığı;625;17,9;15,9;55,4;0;1 Porsiyon (20 g)
Çeçil Peyniri;320;25;1;24;0;1 Dilim (30 g)
Çavdarlı Peynirli Poğaça;214;6,78;37,33;3,9;3,84;1 Porsiyon (135 g)
Çay (Az Şekerli);8;0,1;1,96;0;0;1 Porsiyon (120 g)
Çavdar Ekmeği;211;6,04;43,82;0,92;5,72;1 Dilim (30 g)
Çekilmiş Fındık;636;11,96;10,54;61,6;0;1 Porsiyon (45 g)
Çavdar Ezmesi;324;6,4;71;1,1;0;1 Çorba Kaşığı (10 g)
Çerez Çeşitleri;347;9;75,3;0,5;0,7;1 Porsiyon (40 g)
Ceviz (Çekilmiş);667;14,67;10,8;63,67;4,38;1 Su Bardağı (200 g)
Cevizli Baklava;285;2,59;37,3;12,24;0,57;1 Porsiyon (160 g)
Ceviz Yağı;880;0;0;99,5;0;1 Çay Bardağı (65 g)
Cercerun;334;1,15;5,79;34,67;1,14;1 Porsiyon (70 g)
Çekirdeksiz Mandalina;46;0,7;9;0,3;2;1 Porsiyon (150 g)
Ceviz Ezmesi;667;14,68;10,8;63,7;4,38;1 Tatlı Kaşığı (5 g)
Ceviz;654;15,2;13,71;65,21;6,7;1 Avuç (25 g)
Çerkez Peyniri;322;27;1,7;23;0;1 Dilim (20 g)
Çerkez Tavuğu;105;14,75;4,28;3,09;0,59;1 Porsiyon (90 g)
Ceviz (Kavrulmuş);660;14,53;10,69;63,05;6,19;1 Porsiyon (20 g)
Çemen;141;6,58;23,55;1,72;11,28;1 Porsiyon (20 g)
Cevizli Tel Kadayıf;261;3,17;31,48;12,49;1,25;1 Porsiyon (160 g)
Cevizli Kalburabastı;272;1,43;42,98;9,28;0,75;1 Porsiyon (175 g)
Cevizli Kete;447;5,58;36,3;30,96;1,45;1 Porsiyon (74 g)
Cevizli Sucuk;268;4,89;25,88;15,34;0,16;1 Porsiyon (107 g)
Cevizli Ekmek;496;13,5;58,29;23,01;8,77;1 Dilim (30 g)
Cevizli Kurabiye;451;8,19;48,03;25,28;1,85;1 Porsiyon (80 g)
Cezerye;374;2,12;68,22;8,28;8,96;1 Dilim (15 g)
Cevizli Kadayıf (Tatlandırıcılı);248;5,42;29,81;11,64;2,11;1 Porsiyon (40 g)
Cevizli Kabak Tatlısı;489;4,88;62,61;21,15;1,46;1 Porsiyon (60 g)
Cevizli Erişte;205;5,77;27,92;7,6;2,35;1 Porsiyon (140 g)
Cevizli Rulo Kadayıf;265;5,76;37,14;10,24;2,32;1 Porsiyon (130 g)
Cevizli Elmalı Tart;264;1,17;38,47;11,67;1,63;1 Porsiyon (100 g)
Chia Tohumlu Puding;68;2,46;10,4;2,33;2,71;1 Porsiyon (280 g)
Çiftlik Kebabı;143;13,78;7,74;6,23;0,93;1 Porsiyon (150 g)
Chia Tohumlu Omlet;161;12,4;3,01;11,27;1,38;1 Porsiyon (125 g)
Chia Tohumlu Tost;137;2,64;15,47;6,4;6,71;1 Porsiyon (114 g)
Çiçek Balı;325;0,12;81,22;0;0;1 Tatlı Kaşığı (10 g)
Cheddar Peyniri;405;24,7;0;34;0;1 Porsiyon (30 g)
Chia;94;4,1;12,82;3,82;3,19;1 Porsiyon (283 g)
Çiftlik Köfte;145;11,1;5,05;8,83;1,12;1 Porsiyon (290 g)
Çiftlik Pilavı;142;3,25;26,47;2,47;1,4;1 Porsiyon (195 g)
Çiçek Balı Karışımları;307;0,38;75,07;0;0;1 Porsiyon (20 g)
Chia Tohumu;486;16,5;42;30,7;34,4;1 Çorba Kaşığı (10 g)
Chester Peyniri;368;27;0;28,8;0;1 Porsiyon (30 g)
Çiğ Makarna;345;10,5;75,9;0,3;2,9;1 Porsiyon (50 g)
Ciğer Dürüm;129;14,54;9,51;16,85;2,58;1 Porsiyon (270 g)
Çiğ Köfte Dürüm;240;10,04;43,16;20,4;8,87;1 Porsiyon (150 g)
Çiğ Kepekli Makarna;354;11;67,1;3;7,2;1 Porsiyon (350 g)
Çiğ Köfte (Etli);216;12,95;37,65;2,36;6,36;1 Porsiyon (157 g)
Çiğ Brownie;368;9,52;45,95;19,96;12,34;1 Porsiyon (50 g)
Çiğ Köfte (Etsiz);181;4,62;32,91;4,02;4,28;1 Porsiyon (125 g)
Ciğer Şiş;191;20,47;6,71;9,14;0,27;1 Porsiyon (150 g)
Çiftlik Tarhana;56;3,5;10;0,2;0;1 Porsiyon (250 g)
Çiğ Börek;377;4,54;46,8;18,97;0,98;1 Porsiyon (140 g)
Çiftlik Salatası;121;2,78;19,06;3,56;1,54;1 Porsiyon (155 g)
Çiğ Tavuk Taşlık;94;17,66;0;2,06;0;1 Porsiyon (50 g)
Çikolata;528;4,4;57,9;35,1;0;1 Adet (70 g)
Çikolatalı Brule;259;4,7;29,05;12,7;2,18;1 Porsiyon (200 g)
Çikolatalı Dondurma;216;3,8;28,2;11;1,2;1 Top (40 g)
Ciğer Tas Kebabı;122;8,97;7,1;6,32;0,83;1 Porsiyon (150 g)
Çikolata Sosu;344;3,25;19,49;28,42;4,93;1 Porsiyon (40 g)
Çikolata Topu;292;7,77;44,49;9,02;3,71;1 Porsiyon (44 g)
Çikolatalı Gofret;565;6,1;59,2;33,8;3,4;1 Porsiyon (35 g)
Çikolatalı Badem Şekeri;557;13,85;45,55;42,75;8,18;1 Porsiyon (20 g)
Çikolatalı Ganaj;298;4,2;25,5;20;7,8;1 Porsiyon (40 g)
Çikolatalı Gevrek;394;8,1;73,2;6,1;6,7;1 Kase (30 g)
Çikolata Kreması;0;1;35;7;0;1 Kahve Fincanı (50 g)
Çikolatalı Fondan;380;3,27;85,29;2,24;2,95;1 Porsiyon (20 g)
Çikolatalı Muhallebi;131;3,64;16,24;5,57;0,13;1 Porsiyon (205 g)
Çikolatalı Sufle;360;7,25;38,26;18,71;3,57;1 Porsiyon (110 g)
Çilek (Dondurulmuş);34;0,84;5,76;0,42;2,09;1 Porsiyon (150 g)
Çilek Konservesi;68;0,29;15,75;0,15;0,75;1 Porsiyon (40 g)
Çikolatalı Kek;337;8,86;37,26;16,39;5,75;1 Porsiyon (85 g)
Çikolatalı Turta;278;5,53;36,26;11,15;1,59;1 Porsiyon (200 g)
Çikolatalı Kaplama Maddesi;396;10,04;63,92;10,68;10,15;1 Porsiyon (20 g)
Çikolatalı Puding;131;3,54;17,01;5,69;1,34;1 Porsiyon (205 g)
Çikolatalı Pasta;385;4,96;26,37;28,57;4,26;1 Porsiyon (150 g)
Çılbır (Yoğurtlu Yumurta);112;5,21;1,75;9,43;0,13;1 Porsiyon (120 g)
Çikolatalı Şarlot;202;4,11;26,53;8,96;0,47;1 Porsiyon (150 g)
Çikolatalı Süt;93;3,37;12,29;3,69;1,1;1 Porsiyon (200 g)
Çilekli Yoğurt;148;1,91;4,03;1,91;1,15;1 Porsiyon (270 g)
Çilek (Pişmiş);34;0,84;5,77;0,42;2,14;1 Porsiyon (150 g)
Çilek Yoğurt;48;1,91;4,93;1,91;1,15;1 Porsiyon (270 g)
Çilekli Pasta;261;3,31;42,22;6,8;1,5;1 Porsiyon (165 g)
Çilek;32;0,8;5,5;0,4;2;1 Çay Bardağı (150 g)
Çilekli Dondurma;192;3,2;27,6;8,4;0,9;1 Top (50 g)
Çin Usulü Tavuk;107;11,55;7,58;3,46;0,92;1 Porsiyon (209 g)
Çin Marulu;17;1,23;3,29;0,3;2,1;1 Porsiyon (100 g)
Çilekli Süt;61;2,8;9,15;1,5;0;1 Su Bardağı (200 g)
Çimen;408;17,8;34;22,27;10,5;1 Porsiyon (1 g)
Çilek Reçeli;214;0,4;46,35;0,21;0,97;1 Porsiyon (5 g)
Çilekli Smoothie;79;2,3;10,51;2,32;3,69;1 Porsiyon (400 g)
Çıtır Karnabahar Topları;185;6,61;26,16;6,25;2,67;1 Porsiyon (100 g)
Çöp Şiş;137;5,81;2,59;7,56;0,92;1 Porsiyon (237 g)
Cizleme;197;6,27;22,64;8,79;1,15;1 Porsiyon (55 g)
Çipura;96;19,6;0;1,9;0;1 Porsiyon (200 g)
Çoban Salata;52;1,45;7,55;1,71;2,16;1 Porsiyon (220 g)
Çıtır Piliç Baget;306;12,65;2,68;22,72;0,38;1 Porsiyon (210 g)
Çökelek/Ekşimik;171;27,37;1,89;6,02;0;1 Çorba Kaşığı (15 g)
Çinekop Balığı;96;21,91;0;1,08;0;1 Porsiyon (150 g)
Çıtır Balık;144;12,63;6,14;7,56;0,65;1 Porsiyon (310 g)
Çıtır Leblebi;390;16,42;68,9;4,5;0;1 Avuç (20 g)
Çoban Salata (Yağsız);38;1,38;7,18;0,33;2,05;1 Porsiyon (230 g)
Çoban Kavurma;166;23,06;3,37;6,82;0,45;1 Porsiyon (362 g)
Damla Sakızı;8;0;0;0;0;1 Adet (3 g)
Çupra Balığı;109;20,6;0;2,8;0;1 Porsiyon (150 g)
Damla Çikolata;521;6,3;63,8;26,7;0;1 Yemek Kaşığı (10 g)
Çörekotu Yağı;565;17;26;48;0;1 Tatlı Kaşığı (5 g)
Çubuk Vanilya;300;0;0;0;0;1 Adet (3 g)
Çorba;57;1;7,5;2,5;0,65;1 Kepçe (100 g)
Dağ Eriği;69;0,75;11,73;1;9;1 Porsiyon (150 g)
Dağ Çileği;32;0,8;5,5;0,4;2;1 Porsiyon (125 g)
Dalyan Köfte;149;15,38;3,87;7,8;0,63;1 Porsiyon (242 g)
Dağ Böğürtleni;30;1,2;2,7;1;6,6;1 Kase (150 g)
Çörek Otu;375;17,8;44,24;22,27;10,5;1 Çorba Kaşığı (15 g)
Çubuk Tarçın;272;3,9;56;3,2;24,35;1 Adet (5 g)
Dana İçyağı/Donyağı;861;0,8;0;97;0;1 Porsiyon (15 g)
Dana Carpaccio;245;14,33;1,29;20;0,38;1 Porsiyon (225 g)
Dana Etli Çorba;71;5,47;3,59;3,67;0,12;1 Porsiyon (210 g)
Dana Böbrek (Pişmiş);102;17,32;1,1;3,03;0;1 Porsiyon (125 g)
Dana İç Yağı;902;0;0;100;0;1 Porsiyon (100 g)
Dana Dalak (Pişmiş);102;20,52;0;2,08;0;1 Porsiyon (125 g)
Dana Beyin (Pişmiş);127;10,67;0,99;8,96;0;1 Porsiyon (125 g)
Dana Ciğer (Çiğ);140;19,93;2,91;4,85;0;1 Porsiyon (1000 g)
Dana Dili (Pişmiş);174;18,19;2,25;10,24;0;1 Porsiyon (125 g)
Dana Akciğer (Pişmiş);120;20,4;0;3,7;0;1 Porsiyon (125 g)
Dana İşkembe (Pişmiş);98;16,13;0;3,65;0;1 Porsiyon (125 g)
Dana Eti (Yağlı);251;18,24;0;19,24;0;1 Porsiyon (30 g)
Dana Jambon;106;16,4;2,3;0;0;1 Dilim (30 g)
Dana Kıyma (Pişmiş);199;27,61;0,68;12,22;0;1 Porsiyon (100 g)
Dana Kellesi (Pişmiş);134;19,03;0;6,44;0;1 Porsiyon (90 g)
Dana Sakatatları (Pişmiş);147;22,2;6,39;3,49;0;1 Porsiyon (150 g)
Dana Rosto;146;10,48;1,44;10,75;0,46;1 Porsiyon (232 g)
Dana Kemiği (Pişmiş);111;22,5;0,57;1,94;0;1 Porsiyon (100 g)
Dana Sosis;150;5,6;0,3;14;0;1 Porsiyon (40 g)
Dana Yürek (Pişmiş);103;19,24;0,73;2,43;0;1 Porsiyon (125 g)
Dana Kavurma;240;17,3;0,98;18,02;0,53;1 Porsiyon (150 g)
Dana Karaciğer (Pişmiş);147;22,2;6,39;3,49;0;1 Porsiyon (125 g)
Dana Kıyma;202;18,65;0,46;13,63;0;1 Porsiyon (100 g)
Dana Salam;299;10,91;4,29;26,13;0;1 Porsiyon (30 g)
Demleme Adaçayı;0;0;0;0;0;1 Fincan (200 g)
Defne Yaprağı (Kuru);313;7,61;74,97;8,36;26,32;1 Porsiyon (1 g)
Dereotlu Poğaça;338;7,27;12,26;29,2;0,68;1 Adet (60 g)
Dil Balığı;98;21,6;0;1,5;0;1 Adet (150 g)
Demleme Yeşil Çay;0;0;0;0;0;1 Porsiyon (150 g)
Deniz Tarağı;69;12,6;3,18;0,49;0;1 Porsiyon (40 g)
Deniz Tuzu;0;0;0;0;0;1 Paket (100 g)
Demleme Beyaz Çay;0;0;0;0;0;1 Porsiyon (150 g)
Dereoutlu Pilav;156;2,49;27,42;3,83;0,59;1 Porsiyon (170 g)
Dereotu;17;1,4;2,8;0,4;5,3;1 Porsiyon (40 g)
Darı (Pişmiş);114;3,48;21,62;1,38;1,39;1 Porsiyon, Katık (50 g)
Defne Yaprağı;48;1,21;7,7;1,33;4,17;1 Porsiyon (1 g)
Diyet Ballı Muhallebi;72;3,69;13,14;0,12;0,07;1 Porsiyon (165 g)
Diyet Hamburger;133;8,14;12,72;5,4;0,88;1 Porsiyon (165 g)
Dolmalık Kuru Biber;303;9,12;47,16;3,25;24,27;1 Porsiyon (70 g)
Diyet Limonlu Puding;97;4,03;10,3;4,4;0,03;1 Porsiyon (150 g)
Dilim Kaşar;353;26,99;2,56;17,6;0;1 Paket (100 g)
Diyet Krep;165;7,86;28,56;3,09;3,82;1 Porsiyon (65 g)
Dil Peyniri;271;17,2;6,3;19,7;0;1 Dilim (25 g)
Docello Crème Brûlée;382;0,1;95;0,1;0,5;1 Porsiyon (1 g)
Diyet Keşkül;132;4;15,76;5,59;0,29;1 Porsiyon (210 g)
Diyet Aşure;59;2,11;10,36;0,81;2,21;1 Porsiyon (250 g)
Diyet Kraker;334;9;61,5;1,5;19;1 Dilim (10 g)
Dilber Dudağı;331;1,61;42,11;16,04;0,63;1 Porsiyon (60 g)
Domates Salatası;35;0,98;2,97;2,02;1,09;1 Porsiyon (275 g)
Domates Çorbası;32;0,91;4,35;1,1;0,54;1 Porsiyon (210 g)
Domates Konservesi;11;0,62;1,62;0,14;0,62;1 Porsiyon (80 g)
Domatesli Bulgur Pilavı;73;1,98;13,54;1,14;2,4;1 Porsiyon (230 g)
Domates Salçası;74;4,5;12,9;0,2;2,8;1 Çorba Kaşığı (20 g)
Domates (Pişmiş);20;1,06;2,9;0,24;1,1;1 Adet (110 g)
Domates Konsantresi;175;9,82;25,28;2,05;1,16;1 Çorba Kaşığı (20 g)
Domates Sosu;68;1,2;6,91;3,83;1,2;1 Porsiyon (80 g)
Domatesli Biber;17;0,97;2,53;0,23;1,99;1 Porsiyon (225 g)
Domatesli Biftek;198;18,98;6,83;9,81;2,45;1 Porsiyon (170 g)
Domates;17;0,95;2,6;0,21;0,95;1 Adet (110 g)
Domates Suyu;15;0,82;2,1;0,17;0,1;1 Su Bardağı (200 g)
Domuz Eti (Pişmiş);58;7,9;0;2,6;0;1 Porsiyon (30 g)
Domatesli Makarna;89;3,28;13,71;2,24;0,99;1 Porsiyon (200 g)
Dondurma;207;4;24;11;1;1 Top (50 g)
Dondurulmuş Alabalık (Pişmiş);124;29,84;0;2,91;0;1 Porsiyon (150 g)
Dondurulmuş Taze Bezelye;86;7,13;12,72;0,52;5,44;1 Porsiyon (150 g)
Dondurulmuş Frambuaz/Ahududu;52;1,2;11,94;0,65;6,5;1 Porsiyon (450 g)
Düğün Çorbası;46;3,15;2,8;2,39;0,21;1 Porsiyon (150 g)
Dut Konsantresi;249;7,81;43,22;0,01;0;1 Çeyrek Su Bardağı (50 g)
Dut Konservesi;80;0,7;18,11;0;0,83;1 Porsiyon (125 g)
Domatesli Pirinç Çorba;32;0,72;5;0,94;0,43;1 Porsiyon (360 g)
Donut;438;9,98;58,63;17,75;3,24;1 Adet (85 g)
Dut (Dondurulmuş);46;1,36;8,47;0;1,57;1 Porsiyon (125 g)
Dut Reçeli;272;0,48;66,02;0;0,55;1 Porsiyon (5 g)
Dut Kurusu;336;2,7;74,83;0;8,92;1 Porsiyon (15 g)
Ekşi Maya;288;35,6;32;1,5;21;1 Paket (18 g)
Ekmek Kadayıfı;177;2,95;29,27;3,95;1,36;1 Porsiyon (160 g)
Ekşili Çorba;143;5,12;24,58;2,21;3,41;1 Porsiyon (200 g)
Dut;44;1,3;8,1;0;1,5;1 Tabak (100 g)
Dut Pestili;395;4,44;77,83;7,26;0,22;1 Porsiyon (70 g)
Dut Nektarı;52;0,3;12,16;0;0;1 Su Bardağı (200 g)
Ekşileme;29;1,28;3,25;1,11;2,69;1 Porsiyon (335 g)
Ekmek;256;8,09;52,8;0,89;3,42;1 Dilim (25 g)
Dut Suyu;47;1,18;8,73;0;0;1 Su Bardağı (200 g)
Ekler;239;6,9;22,36;13,53;1,57;1 Porsiyon (80 g)
Elma Kompostosu;56;0,16;12,26;0,18;0,85;1 Porsiyon (340 g)
Elma (Pişmiş);55;0,36;11,96;0,42;2,14;1 Porsiyon (90 g)
Elma (Kabuksuz);56;0,3;12,4;0,4;1,9;1 Porsiyon (100 g)
Elmalı Kurabiye;340;5,53;40,19;17,03;2,57;1 Porsiyon (180 g)
Elma Nektarı;65;0,16;15,3;0,17;0;1 Su Bardağı (200 g)
Elmalı Turta;340;3,3;31,04;22,14;1,92;1 Porsiyon (130 g)
Elma Reçeli;112;0,19;24,75;0,23;1,1;1 Tatlı Kaşığı (8 g)
Elmalı Pay Çubukları;246;4,18;39,88;7,62;2,17;1 Porsiyon (124 g)
Ekşili Köfte;161;10,35;11,04;8,05;0,66;1 Porsiyon (190 g)
Elma Sirkesi;21;0;0;0;0;1 Tatlı Kaşığı (5 g)
Elma;52;0,34;11,43;0,4;2;1 Adet (90 g)
Elma Suyu;49;0,32;10,61;0,33;0;1 Su Bardağı (200 g)
Erik Ezmesi;196;0,84;48,01;0,22;2,46;1 Porsiyon (30 g)
Erik Konsantresi;249;3,47;52,4;1,03;0;1 Porsiyon (125 g)
Enerji İçeceği;54;0;12,8;0;0;1 Kutu (250 g)
Enginar Salatası;57;2,47;7,01;1,81;3,8;1 Porsiyon (165 g)
Enginar Dolması;34;2,68;1,25;2,01;1,09;1 Porsiyon (1499 g)
Enginar;22;2,4;2,63;0,12;10,79;1 Porsiyon (150 g)
Enginarlı Ekmek;228;6,59;12,32;17,04;3,69;1 Porsiyon (145 g)
Erik Konservesi;82;0,32;19,25;0,11;0,94;1 Porsiyon (50 g)
Enginar (Pişmiş);53;2,89;11,95;0,34;5,7;1 Porsiyon (100 g)
Erik (Pişmiş);47;0,6;10,2;0,2;1,7;1 Porsiyon (100 g)
Endüstriyel Margarin;710;0,2;0,4;80;0;1 Çorba Kaşığı (14 g)
Erik Nektarı;55;0,16;13,19;0,05;0;1 Su Bardağı (200 g)
Erişte (Çiğ);384;14,16;71,27;4,44;3,3;1 Kase (100 g)
Espresso;21;1,38;3,45;0;0;1 Kahve Fincanı (29 g)
Erişte;244;4,57;25,35;13,6;1,93;1 Porsiyon (100 g)
Erik Reçeli;273;0,22;66,79;0,07;0,63;1 Tatlı Kaşığı (5 g)
Eritme Peyniri/Karper;328;13,2;0,9;30,4;0;1 Dilim (30 g)
Et Döner Dürüm;128;12,62;8,38;19,82;3,21;1 Porsiyon (235 g)
Eski Kaşar Çeşitleri;295;31,9;0;18,2;0;1 Porsiyon (25 g)
Esmer Şeker;399;0;99,82;0;0;1 Porsiyon (5 g)
Et Füme;133;20,19;0;4,42;0;1 Porsiyon (100 g)
Erik;47;0,6;10,2;0,2;1,7;1 Çay Bardağı (100 g)
Erik Suyu;49;0,55;10,69;0,16;0;1 Su Bardağı (200 g)
Esmer Bulgur;325;12;59;2,1;10,8;1 Su Bardağı (150 g)
Etli Pilav;142;5,49;21,58;3,52;0,48;1 Porsiyon (220 g)
Etli Bezelye;79;6,12;7,15;2,71;2,17;1 Porsiyon (190 g)
Etli Barbunya;197;11,24;19,97;8,26;8,33;1 Porsiyon (210 g)
Et Sote;107;7,6;3,15;7,04;0,89;1 Porsiyon (210 g)
Et İskender;226;17,77;21,29;7,63;1,52;1 Porsiyon (210 g)
Etli Türlü;75;4,94;5,16;3,74;1,69;1 Porsiyon (297 g)
Etli Bamya;52;5,32;2,58;2;2,9;1 Porsiyon (156 g)
Etimek;401;10,2;78,4;4,4;12,53;1 Dilim (9 g)
Etli Biber Dolması;95;5,61;6,18;5,13;1,55;1 Porsiyon (155 g)
Et Şinitzel;360;17;13,3;26,5;1,1;1 Porsiyon (100 g)
Etli Ekmek;188;10,72;22,3;5,87;1,58;1 Porsiyon (150 g)
Et Suyu;13;1,97;1,2;0,09;0;1 Porsiyon (200 g)
Fettucini Makarna;289;10,39;50,95;3,79;2,2;1 Porsiyon (100 g)
Ev Yapımı Cezerye;235;2,58;43,98;4,22;1,5;1 Porsiyon (74 g)
Fesleğenli Boncuk Makarna;141;6,92;15,35;6,33;0,58;1 Porsiyon (205 g)
Fajita;144;11,44;4,79;12,91;2,4;1 Porsiyon (831 g)
Feta Cheese;237;17;0;18,8;0;1 Dilim (30 g)
Ev Baklavası;311;1,77;48;11,1;0,66;1 Porsiyon (90 g)
Falafel;268;3,52;10,35;23,88;4,18;1 Porsiyon (110 g)
Fava;113;5,5;6,77;6,96;5,91;1 Porsiyon (130 g)
Ev Kumpiri;142;5,47;16,47;5,68;2,72;1 Porsiyon (355 g)
Fındık Ezmesi;652;12,27;10,81;63,19;5,9;1 Porsiyon (60 g)
Ezogelin Çorbası;45;1,89;5,95;1,17;2,02;1 Porsiyon (210 g)
Ev Kurabiyesi;282;6,3;33,25;13,18;3,82;1 Porsiyon (120 g)
Fındıkpare;279;3,39;52,58;9,57;0,89;1 Porsiyon (90 g)
Fındık Sütü;29;0,4;3,1;1,6;0,3;1 Su Bardağı (200 g)
Fındık;628;14,95;16,7;60,75;9,7;1 Avuç (24 g)
Fırın Köfte;298;19,36;19,09;15,61;2,42;1 Porsiyon (95 g)
Fındıklı Kurabiye;529;8,59;49,38;32,99;3,82;1 Porsiyon (100 g)
Fındık Lahmacun;213;9,6;29,95;5,7;2,1;1 Porsiyon (110 g)
Fındık Yağı;884;0;0;100;0;1 Çorba Kaşığı (15 g)
Fırın Sütlaç;133;3,04;22,76;2,6;0,12;1 Porsiyon (215 g)
Fındıklı Draje;590;9,57;28,39;49,28;6,58;1 Porsiyon (15 g)
Fındık (Kavrulmuş);658;10,88;9,59;65,06;7,48;1 Avuç (40 g)
Fındıklı Bar;517;11,9;40,4;33,6;2,6;1 Paket (30 g)
Fındıklı Bisküvili Pasta;157;4,67;22,3;4,71;1,04;1 Porsiyon (265 g)
Fırında Çırpılmış Yumurta;152;9,08;2,2;11,93;0;1 Porsiyon (95 g)
Fırında Baharatlı Tavuk;211;9,66;4,63;17,14;0,99;1 Porsiyon (220 g)
Fırında Brüksel Lahanası;64;5,33;3,39;3,08;4,2;1 Porsiyon (268 g)
Fırında Hindi;141;20,11;0,5;6,63;0,11;1 Porsiyon (275 g)
Fırında Makarna;166;7,45;22,72;4,87;0,11;1 Porsiyon (230 g)
Frıında Patates;87;2,02;14,63;2,09;2,28;1 Porsiyon (275 g)
Fırında Mantar;82;7,27;5,02;4,02;1,38;1 Porsiyon (314 g)
Fırında Helva;275;1,67;57,06;3,78;1,37;1 Porsiyon (205 g)
Fırında Mücver;116;4,83;9,65;6,33;1,2;1 Porsiyon (130 g)
Fırında Brokoli Köfte;110;6,99;7,3;5,85;1,71;1 Porsiyon (289 g)
Fırında Balık;223;21,22;5,12;11,44;0;1 Porsiyon (225 g)
Fırında Çipura;101;7,03;5,33;5,72;0,98;1 Porsiyon (650 g)
Fırınlanmış Tortellini;336;12,4;43,18;12,74;1,74;1 Porsiyon (50 g)
Fıstıklı Keşkül;226;4,97;26,332;10,45;1,76;1 Porsiyon (200 g)
Fıstıklı Sarma;419;7,43;41,9;24,15;0;1 Porsiyon (155 g)
Fırında Sigara Böreği;229;11,92;25,5;8,57;1,39;1 Porsiyon (100 g)
Fırında Spaghetti;143;5;16,28;6,47;0,78;1 Porsiyon (320 g)
Fıstık;567;25,8;16,13;49,24;8,5;1 Paket (100 g)
Fırında Sebze;55;1,57;6,19;2,51;2,48;1 Porsiyon (280 g)
Fıstıklı Baklava;329;3,01;46,04;13,86;0,53;1 Porsiyon (90 g)
Fırında Uskumru;142;14,01;1,51;8,41;0,31;1 Porsiyon (280 g)
Fıstık Ezmesi;589;24,06;21,57;49,94;8;1 Tatlı Kaşığı (6 g)
Fıstıklı Dondurma;240;6,65;31,3;9,79;0;1 Porsiyon (50 g)
Frıında Sazan Balığı;85;9,42;3,17;3,59;0,99;1 Porsiyon (455 g)
Frambuaz Nektarı;56;0,5;12,39;0,1;0;1 Su Bardağı (200 g)
Galeta Unu;395;13,35;71,98;5,3;4,5;1 Su Bardağı (100 g)
Frambuaz Reçeli;269;0,48;64,8;0,11;2,47;1 Tatlı Kaşığı (5 g)
Francala Ekmek;248;7,43;50,65;1,35;3,16;1 Dilim (25 g)
Gazoz;95;0;23,9;0;0;1 Su Bardağı (200 g)
Gavurdağı Salatası;73;1,9;4,98;4,98;1,33;1 Porsiyon (155 g)
Frenk Eriği;58;0,15;13,75;0,23;1,39;1 Adet (80 g)
Frambuazlı Cheesecake;294;6,12;20,32;20,16;1,4;1 Porsiyon (150 g)
Frambuazlı Dondurma;184;4,07;19,44;11,07;3,09;1 Porsiyon (115 g)
Galeta/Grissini Çeşitleri;390;10,21;74,94;4,79;3,2;1 Porsiyon (25 g)
Frambuazlı Muffin;289;4,84;29,35;16,16;2,85;1 Porsiyon (80 g)
Glutensiz Çikolatalı Kurabiye;526;4,4;60,5;29,1;2,4;1 Porsiyon (10 g)
Göbek Salata;54;0,92;4,18;3,62;1,04;1 Porsiyon (145 g)
Gouda Peyniri;101;7,07;0,63;7,78;0;1 Dilim (30 g)
Greyfurt;50;0,6;8,95;0,15;0,58;1 Adet (200 g)
Göbekli Marul;14;0,9;2,97;1,2;0,9;1 Porsiyon (100 g)
Gözleme;269;10,35;46,1;6,83;0,14;1 Porsiyon (225 g)
Goji Berry;346;14,26;77,06;0,39;13;1 Çorba Kaşığı (14 g)
Glutensiz Un;353;2,62;80,51;1,12;5,26;1 Porsiyon (100 g)
Granola;443;11,6;54,2;22,3;0;1 Porsiyon (30 g)
Greyfurt Nektarı;34;0,58;7,93;0,1;0,8;1 Bardak (100 g)
Greyfurt Reçeli;275;0,22;66,33;0,05;0,21;1 Tatlı Kaşığı (5 g)
Glutensiz Ekmek;246;0,66;54,45;2,51;1,14;1 Dilim (30 g)
Granadilla;97;2;23;1;10;1 Adet (28 g)
Guava;68;2,55;14,32;0,95;5,4;1 Porsiyon (100 g)
Gül Böreği;246;10,41;28,45;9,76;1,75;1 Adet (100 g)
Gülsuyu;70;0,2;1,4;0;0;1 Çay Kaşığı (3 g)
Hamburger Ekmeği;274;7;57;2;3,11;1 Adet (52 g)
Guacamole;141;0,79;5,38;11,08;8,11;1 Porsiyon (55 g)
Guraybe;448;0,43;65,84;20,33;0,93;1 Porsiyon (125 g)
Gulaş Çorbası;179;7,77;8,95;12,15;3,01;1 Porsiyon (100 g)
Halka Tatlısı;313;2,34;31,04;18,89;0,35;1 Porsiyon (215 g)
Hamburger Köftesi;62;3,1;4,7;3,4;0;1 Paket (225 g)
Hafif Bitter Çikolata;497;7,13;43,82;32,7;11,78;1 Porsiyon (5 g)
Güveç;59;6,71;3,63;1,87;1,83;1 Porsiyon (250 g)
Gulaş;163;18,78;1,5;9,03;0,38;1 Porsiyon (269 g)
Hamburger;165;7,02;19,88;6,12;1,6;1 Porsiyon (190 g)
Hamsi Sarması;101;13,31;2,25;4,58;0,66;1 Porsiyon (175 g)
Hamsi (Pişmiş);98;12,08;1,08;4,91;0,4;1 Porsiyon (360 g)
Hamsi (Tuzlanmış);238;18,47;0;2,29;0;1 Porsiyon (100 g)
Hamsi (Füme);108;21,91;0;2,5;0;1 Porsiyon (90 g)
Hamsili Suşi;134;10,54;17,27;2,35;0,49;1 Porsiyon (110 g)
Hamsi Tava;179;19,64;4,83;9,58;0,2;1 Porsiyon (380 g)
Hamsi;115;17;0;5;0;1 Porsiyon (200 g)
Hamsili Pilav;145;11,53;13,17;5,34;0,62;1 Porsiyon (230 g)
Hanımağa Çorbası;96;4,56;15,14;1,94;1,61;1 Porsiyon (300 g)
Hanım Göbeği;276;2,31;49,7;8,06;0,75;1 Porsiyon (100 g)
Hamsi Köfte;134;14,48;6,77;5,24;0,74;1 Porsiyon (285 g)
Havuç (Pişmiş);35;0,76;8,22;0,18;3;1 Porsiyon (150 g)
Hardal;60;3,74;5,83;3,34;4;1 Çorba Kaşığı (10 g)
Haşhaş Yağı;880;0;0;99,5;0;1 Yemek Kaşığı (12 g)
Haşhaşlı Çörek;252;7,73;34,22;9,43;1,55;1 Porsiyon (126 g)
Hardaliye;67;0,6;17;0,3;0;1 Mililitre (1 g)
Hardal Sos;269;9,34;11,01;20,98;0,6;1 Porsiyon (17 g)
Havuç Çorbası;44;1,54;6,37;1,38;0,38;1 Porsiyon (400 g)
Havuç Salatası;71;1,06;9,61;3,43;2,43;1 Porsiyon (95 g)
Havuç Suyu;40;0,95;9,28;0,15;0,8;1 Su Bardağı (200 g)
Haşlama Et;89;12,25;1,78;3,58;0,21;1 Porsiyon (220 g)
Haşhaş Tohumu;553;31,56;8,67;48,75;4;1 Yemek Kaşığı (10 g)
Haşlanmış Yumurta;149;12,43;0,67;10,79;0;1 Adet (50 g)
Havuçlu Suşi;343;1,57;14,22;31,55;0,71;1 Porsiyon (50 g)
Havyar;264;24;4;17,9;0;1 Yemek Kaşığı (15 g)
Havuçlu Pilav;173;2,28;25,85;6,66;0,68;1 Porsiyon (70 g)
Havuç Tatlısı;122;0,5;27,39;0,13;1,31;1 Porsiyon (105 g)
Hazır Et Döner;239;12;22,5;11,25;1;1 Porsiyon (200 g)
Havuçlu Kek;355;5,48;38,45;19,08;1,72;1 Porsiyon (175 g)
Haydari;200;9,6;4,65;15,92;0,36;1 Porsiyon (32 g)
Helva;380;1,24;87,42;2,19;2,21;1 Porsiyon (50 g)
Havuç;41;0,93;9,58;0,24;2,58;1 Adet (100 g)
Havuçlu Coleslaw Salatası;58;2,02;7,15;2,18;1,55;1 Porsiyon (290 g)
Hellim Peyniri;381;27,92;1,04;29,5;0;1 Dilim (25 g)
Hibeş;372;8,68;19,89;28,48;2,64;1 Porsiyon (227 g)
Hindi (Bütün);145;23;0;6;0;1 Kilogram (1000 g)
Hindistan Cevizi (Rendelenmiş);611;6,2;6,4;63,26;20;1 Porsiyon (50 g)
Hindi But;144;19,54;0;6,72;0;1 Köfte Kadar (30 g)
Hindili Bezelye;92;7,92;3,28;5,21;1,28;1 Porsiyon (210 g)
Hindi Salam;222;17,5;3,5;15;0;1 Porsiyon (15 g)
Hindi Füme;170;29,3;0;5;0;1 Porsiyon (30 g)
Hindi Jambon;124;19,6;2,93;3,8;0;1 Porsiyon (30 g)
Hindi Eti (Derili);143;21,64;0;5,64;0;1 Porsiyon (30 g)
Hindi Yumurtası;168;13,7;1,15;12,2;0;1 Adet (79 g)
Hindiba;230;0;0;0;4;1 Porsiyon (10 g)
Hindistan Cevizi Unu;443;17,5;59,3;15;37,5;1 Porsiyon (10 g)
Hindistan Cevizi Sütü;230;2,29;5,5;23,8;0;1 Porsiyon (100 g)
Hindistan Cevizi Yağı;892;0;0;99,6;0;1 Porsiyon (5 g)
Hindistan Cevizi;358;3,92;4,78;36,5;9;1 Porsiyon (25 g)
Hindistan Cevizli Kurabiye;346;5,22;42,67;17,32;5,45;1 Porsiyon (90 g)
İHE Cevizli Ekmek;242;8,48;46,5;2,42;6,9;1 Porsiyon (35 g)
Humus;242;5,88;13,48;17,76;5,57;1 Porsiyon (140 g)
Hurma Yağı;884;0;0;100;0;1 Tatlı Kaşığı (5 g)
İçli Pilav;139;2,59;25,99;2,53;1,2;1 Porsiyon (100 g)
İçli Köfte;233;9,87;32,28;6,83;4,87;1 Porsiyon (150 g)
Hindistan Cevizli Muhallebi;157;3,37;21,18;5,99;1,28;1 Porsiyon (170 g)
Hünkarbeğendi;174;10,04;5,32;12,1;1,08;1 Porsiyon (270 g)
Hünnap;79;1,2;20,23;0;0;1 Porsiyon (60 g)
Hurma;130;3,96;18;5,23;3,4;1 Porsiyon (338 g)
İncir Tatlısı;296;3,83;57,03;6,9;6,61;1 Porsiyon (90 g)
Ihlamur Çayı;7;0,11;1,43;0,19;0,52;1 Porsiyon (215 g)
Ihlamur Otu;0;0,4;6,7;1,4;0;1 Porsiyon (100 g)
İncirli Cheesecake;262;6,96;21,68;15,6;0,37;1 Porsiyon (215 g)
İncirli Kek;386;5,74;40,84;21,3;2,08;1 Porsiyon (130 g)
İncir Suyu;63;1,2;13,25;0,41;0;1 Su Bardağı (200 g)
İncirli Kurabiye;535;4,14;47,68;35,9;3,44;1 Porsiyon (100 g)
İnegöl Köfte;199;15,94;8,01;11,18;0,72;1 Porsiyon (165 g)
İncir Nektarı;56;0,3;13,29;0,1;0;1 Su Bardağı (200 g)
İncir Reçeli;98;0,55;23,64;0,22;2,1;1 Tatlı Kaşığı (10 g)
İncir;74;0,75;19,18;0,3;2,9;1 Adet (65 g)
İnce Bulgur;355;10,9;78,6;1,42;10,3;1 Porsiyon (200 g)
İrmik Helvası;532;7,77;64,89;25,23;0;1 Porsiyon (100 g)
İskender Kebap;151;9,65;15,54;5,36;1,28;1 Porsiyon (500 g)
Ispanak Çorbası;38;0,97;2,34;2,74;0,67;1 Porsiyon (270 g)
Islak Kek;380;5,73;41,78;19,68;1,29;1 Porsiyon (150 g)
Isırgan Otu Çorbası;62;2,76;3,76;3,79;0,2;1 Porsiyon (280 g)
Islak Kurabiye;361;1,11;54,5;14,81;1,3;1 Porsiyon (155 g)
İslim Köfte;87;5,33;2,86;5,92;1,6;1 Porsiyon (355 g)
Ispanak (Pişmiş);19;2,81;0,48;0,34;2,37;1 Porsiyon (150 g)
Ispanak Salatası;57;2,13;6,16;2,48;2,4;1 Porsiyon (270 g)
İrmik;360;12,68;72,83;1,05;0;1 Yemek Kaşığı (10 g)
Ispanak Püresi;75;2,4;9,66;2,77;1,97;1 Porsiyon (190 g)
İşkembe Çorbası;139;15,14;4,93;6,35;0,31;1 Porsiyon (100 g)
Ispanaklı Mücver;190;11,6;9,18;11,84;0,45;1 Porsiyon (150 g)
Ispanaklı Pankek;124;7,18;19,14;2,45;2,99;1 Porsiyon (120 g)
Ispanaklı Kıyma;132;10,39;3,12;8,42;0,89;1 Porsiyon (195 g)
Ispanaklı Açma Börek;255;2,43;32,27;12,75;1,47;1 Porsiyon (135 g)
Ispanaklı Pasta;193;4,87;27,39;6,25;1,12;1 Porsiyon (165 g)
Ispanak Yaprağı;17;2,52;0,55;0,3;2,58;1 Porsiyon (150 g)
Ispanaklı Gül Börek;133;3,85;19,23;4,32;2,53;1 Porsiyon (165 g)
Ispanak Sarma;176;7,59;15,73;9,08;1,76;1 Porsiyon (150 g)
Ispanaklı Omlet;74;5,39;0,97;5,26;1,99;1 Porsiyon (200 g)
Ispanak Yemeği;76;2,55;5,71;4,64;2,4;1 Porsiyon (175 g)
Ispanaklı Börek;155;5,72;28,52;3,13;0,89;1 Porsiyon (190 g)
Ispanaklı Gözleme;183;6,61;32,26;4,36;1,06;1 Adet (345 g)
İstiridye (Pişmiş);163;18,9;9,9;4,6;0;1 Porsiyon (100 g)
Izgara But;146;8,06;2,69;11,36;0,85;1 Porsiyon (250 g)
Ispanaklı Ravioli;221;8,15;24,79;9,95;1,06;1 Porsiyon (220 g)
İstiridye Sosu;51;5,4;43,4;2,3;0;1 Yemek Kaşığı (10 g)
Izgara Antrikot;182;18,9;0,58;11,04;0,23;1 Porsiyon (150 g)
Ispanaklı Yumurta;77;4,59;1,39;5,78;1,79;1 Porsiyon (220 g)
İstiridye;81;9,45;4,95;2,3;0;1 Porsiyon (100 g)
İstanbul Pilavı;170;8,22;19,13;6,56;1,73;1 Porsiyon (265 g)
İsveç Köfte;246;15,71;2,37;19,24;0,33;1 Porsiyon (150 g)
Istakoz (Pişmiş);89;19;0,52;0,86;0;1 Köfte Kadar (30 g)
İtalyan Böreği;242;10,82;8,86;18,13;1,32;1 Porsiyon (180 g)
İstavrit Balığı;205;18,6;0;13,86;0;1 Porsiyon (150 g)
Izgara Sebze;73;3,51;12,69;0,67;4,78;1 Porsiyon (120 g)
Jambonlu Mısır Çorbası;99;3,59;16,19;2,06;2,28;1 Porsiyon (315 g)
Izgarada Çiğ Börek;183;3,63;31,34;4,56;0,7;1 Porsiyon (110 g)
Izgara Somon;166;17,36;2,29;9,01;0,25;1 Porsiyon (175 g)
Izgara Polenta;90;6,09;2,01;6,4;0,95;1 Porsiyon (170 g)
Japon Çorbası;47;4,3;1,37;4,05;0,27;1 Porsiyon (315 g)
Izgara Köfte;167;14,23;4,27;10,09;0,67;1 Porsiyon (120 g)
İzmir Köfte;98;6,93;3,22;6,31;0,66;1 Porsiyon (200 g)
Japon Sakesi;147;0;147;0;0;1 Bardak (10 g)
Kabak Çekirdeği Yağı;880;0;0;99,5;0;1 Porsiyon (5 g)
Jelatin;335;85,6;0;0,1;0;1 Yaprak (5 g)
Kabak Bayıldı;84;1,4;3,23;7,36;1,28;1 Porsiyon (140 g)
Kabaklı Dereotlu Börek;86;4,79;9,7;2,95;1,5;1 Porsiyon (335 g)
Kabak (Pişmiş);19;1,6;2,05;0,4;1,14;1 Porsiyon (150 g)
Kabak Kızartma;226;1,2;1,58;24,17;0,82;1 Porsiyon (335 g)
Kabak Turşusu;10;0,82;1;0,2;0,55;1 Porsiyon (150 g)
Kabaklı Lazanya;107;10,89;1,91;6,11;0,49;1 Porsiyon (287 g)
Kabaklı Börek;122;6,36;14,74;3,92;1,1;1 Porsiyon (270 g)
Kabak Mücver;63;2,32;4,44;3,9;1,24;1 Porsiyon (100 g)
Kabak Çekirdeği;560;24,4;14,22;45,6;8,8;1 Avuç (10 g)
Kabak Tarator;102;2,97;3,4;8,44;1,18;1 Porsiyon (280 g)
Kabak;19;1,6;2,05;0,4;1,1;1 Adet (150 g)
Kabaklı Meyir Çorbası;77;3,61;10,83;2,08;1,91;1 Porsiyon (310 g)
Kabak Tatlısı;164;4,37;6,61;13,4;1,64;1 Porsiyon (85 g)
Kakao Tanesi/Ezmesi;342;19,8;10,84;24,5;32,73;1 Tatlı Kaşığı (4 g)
Kabartma Tozu;156;0,52;37,8;0;0;1 Çorba Kaşığı (12 g)
Kakaolu Kek;357;5,25;41,6;17,48;1,45;1 Porsiyon (100 g)
Kadayıflı Muhallebi;199;3,39;38,14;2,67;0,78;1 Porsiyon (100 g)
Kabune;269;15,78;19,17;14,02;0,84;1 Porsiyon (115 g)
Kakao Toz;338;25,2;14,4;13,3;30;1 Çorba Kaşığı (12 g)
Kağıt Kebabı;82;10,29;3,62;2,8;1,57;1 Porsiyon (170 g)
Kaburga Dolması;171;9,24;9,35;10,75;0,32;1 Porsiyon (200 g)
Kabuklu Antep Fıstığı;560;20,16;27,17;45,32;10,6;1 Porsiyon (40 g)
Kakao Yağı;884;0;0;100;0;1 Tatlı Kaşığı (5 g)
Kadınbudu Köfte;253;13,29;14,35;15,71;0,94;1 Porsiyon (160 g)
Kakao Tozu;228;19,6;57,9;13,7;1,75;1 Çorba Kaşığı (10 g)
Kakaolu Puding;66;3,71;8,31;1,9;0,62;1 Porsiyon (200 g)
Kalamar;296;8,43;16,44;21,69;2,54;1 Porsiyon (296 g)
Kandil Simidi;477;8,38;42,77;30,56;3,09;1 Porsiyon (70 g)
Kalamar (Pişmemiş);92;15,58;3,08;1,38;0;1 Porsiyon (100 g)
Kalkan Balığı;95;16,05;0;2,95;0;1 Porsiyon (150 g)
Kakule;311;10,76;68,47;6,7;28;1 Gram (1 g)
Kalamar Tava;206;11,49;17,52;9,68;2,26;1 Porsiyon (110 g)
Kanat Şiş;230;19,51;1,62;16,41;0,44;1 Porsiyon (135 g)
Kanepe;135;5,05;18,85;4,42;1,7;1 Porsiyon (173 g)
Kakaolu Krema;417;7,83;74,17;8,3;4,61;1 Porsiyon (25 g)
Kakaolu Muhallebi;64;3,19;9,79;1,58;0,24;1 Porsiyon (107 g)
Kakaolu Süt;78;3,4;12,5;1,6;0;1 Kutu (200 g)
Karadut Reçeli;285;0;71;0;1;1 Çorba Kaşığı (10 g)
Karabiber;251;10,39;63,95;3,26;25,3;1 Bıçak Ucu (1 g)
Karabuğday Ekmeği;234;6,89;47,08;1,69;3,71;1 Dilim (25 g)
Kara Pazı;22;1,44;2,74;0,25;1,7;1 Porsiyon (150 g)
Kanola Yağı;884;0;0;100;0;1 Tatlı Kaşığı (5 g)
Karabuğday;343;13,25;71,5;3,4;10;1 Yemek Kaşığı (20 g)
Kapari Turşusu;23;2,36;4,89;0,86;3,2;1 Yemek Kaşığı (9 g)
Kara Lahana;32;3,02;5,42;0,61;3,6;1 Porsiyon (50 g)
Karahindiba;23;1,7;4,7;0,3;0,7;1 Porsiyon (100 g)
Karabuğday Unu;355;12,62;70,59;3,1;10;1 Çay Bardağı (80 g)
Kapuska;59;2,48;4,89;3,23;1,51;1 Porsiyon (200 g)
Karabuğday (Pişmiş);92;3,38;19,94;0,62;2,7;1 Çay Bardağı (50 g)
Karnabahar (Pişmiş);23;1,84;4,11;0,45;2,3;1 Porsiyon (150 g)
Karışık Izgara;191;15,35;3,13;12,8;0,29;1 Porsiyon (250 g)
Karnabahar Salatası;49;2,2;3,7;3,96;1,95;1 Porsiyon (120 g)
Karides;85;20,1;0;0,51;0;1 Porsiyon (100 g)
Karnabahar Böreği;179;5,14;8,15;14,98;1,81;1 Porsiyon (200 g)
Karidesli Tagliatelle;296;16,5;29;13;0;1 Porsiyon (200 g)
Karides Salatası;132;13,84;3,54;7,87;0,58;1 Porsiyon (200 g)
Karbonat;0;0;0;0;;1 Çay Kaşığı (2 g)
Karışık Kuruyemiş;512;15,8;35,1;32,5;8,3;1 Avuç (40 g)
Karalahana Çorbası;44;0,77;3,95;2,77;0,59;1 Porsiyon (245 g)
Karanfil;274;5,97;65,53;13;33,9;1 Adet (2 g)
Karbonhidrat Tozu;395;10;87;0,8;0;1 Porsiyon (125 g)
Karpuz Nektarı;50;0,14;12,18;0,04;0;1 Su Bardağı (200 g)
Kaşarlı Tost;302;10,72;34,06;13,56;2,11;1 Porsiyon (70 g)
Karpuz;30;0,61;7,55;0,15;0,4;1 Porsiyon (150 g)
Karnıyarık;55;3,22;2,53;3,54;1,78;1 Porsiyon (345 g)
Kaşarlı Köfte;229;15,68;5,67;15,76;0,6;1 Porsiyon (135 g)
Karpuz Suyu;40;0,54;8,78;0,16;0;1 Su Bardağı (200 g)
Karnabahar;25;1,92;4,97;0,28;2;1 Porsiyon (150 g)
Kaşarlı Pide;240;7,9;27,64;10,73;1,87;1 Porsiyon (215 g)
Kaşarlı Ispanak;149;5,73;3,44;12,49;1,85;1 Porsiyon (135 g)
Kaşarlı Yumurta;238;13,3;0,5;20,5;0;1 Porsiyon (100 g)
Karpuz Smoothie;41;0,43;9,71;0,17;0,55;1 Porsiyon (200 g)
Kars Kaşarı;377;27,56;0,47;29,4;0;1 Dilim (10 g)
Kavun;28;1,11;6,58;0,1;0,9;1 Porsiyon (180 g)
Kayısı (Pişmiş);44;0,94;8,94;0,11;2,03;1 Porsiyon (150 g)
Kavun Suyu;29;0,79;6,14;0,08;0;1 Su Bardağı (200 g)
Kayısı Kompostosu;61;0,6;13,55;0,19;0,97;1 Porsiyon (410 g)
Kavun Konsantresi;258;9,52;50,97;0,95;0;1 Porsiyon (125 g)
Kavurma;345;20,62;0;28,53;0;1 Porsiyon (100 g)
Kayısı Çekirdeği;604;25;13,42;50,7;0,8;1 Avuç (40 g)
Kavun Reçeli;266;0,32;64,98;0,04;0,37;1 Tatlı Kaşığı (5 g)
Kayısı Nektarı;56;0,37;14,39;0,09;0,6;1 Su Bardağı (200 g)
Kaygana;178;7,76;15,56;9,34;1,15;1 Porsiyon (195 g)
Katmer;256;7,68;50,41;2,26;3,28;1 Porsiyon (196 g)
Kavun Nektarı;48;0,2;11,51;0,02;0;1 Su Bardağı (200 g)
Kaz Ciğeri;133;16,37;6,32;4,28;0;1 Köfte Kadar (30 g)
Keçi Sütü;69;3,56;4,45;4,14;0;1 Su Bardağı (200 g)
Kazandibi;130;3,16;19,39;3,73;0,19;1 Porsiyon (155 g)
Kayısı Suyu;44;0,82;9,18;0,08;0;1 Su Bardağı (200 g)
Kaymak;585;0,96;3,31;63,1;0;1 Çorba Kaşığı (10 g)
Keçi Yoğurdu;142;8;3,7;10,5;0;1 Kase (180 g)
Keçiboynuzu Pekmezi;270;1,25;65,67;0;0,98;1 Çay Bardağı (100 g)
Kayısı Reçeli;182;0,84;40,47;0,24;1,23;1 Çorba Kaşığı (12 g)
Kaymaklı Dondurma;249;1,75;13,88;21;0;1 Porsiyon (50 g)
Kaz Eti;161;22,75;0;7,13;0;1 Köfte Kadar (30 g)
Kayısı;48;1,4;11,12;0,39;2;1 Adet (30 g)
Keçi Eti;109;20,6;0;2,31;0;1 Köfte Kadar (30 g)
Kemalpaşa Tatlısı;167;5,82;29,62;4,75;0,04;1 Porsiyon (285 g)
Kepekli Erişte;385;10,5;77;1;0;1 Porsiyon (120 g)
Kepekli Bisküvi;375;14,8;67,8;8;11,5;1 Paket (45 g)
Kepekli Ekmek;216;6,03;44,54;1,5;6,48;1 Dilim (25 g)
Kefal;117;19,35;0;3,79;0;1 Porsiyon (30 g)
Kedi Dili Bisküvi;365;7,8;78,5;3,8;0;1 Porsiyon (10 g)
Kekikli Kuskus;48;0,49;4,75;2,93;0,24;1 Porsiyon (150 g)
Kepekli Bulgur;354;10,8;78,2;1,46;0;1 Su Bardağı (160 g)
Kefir (Yağsız);38;3,45;4,16;0,1;0;1 Su Bardağı (200 g)
Kepekli Çubuk Kraker;372;8,8;74,1;7,9;7,5;1 Porsiyon (25 g)
Kefir;52;2,7;3,2;3,2;0;1 Su Bardağı (200 g)
Keçiboynuzu;293;4,18;54,61;0,69;25,83;1 Porsiyon (25 g)
Kepekli Kraker;427;10,58;69,55;14,13;10,3;1 Adet (10 g)
Kereviz Tuzu;415;5,33;5,9;5;5;1 Bıçak Ucu (1 g)
Kepekli Un;340;13,21;71,97;2,5;10,7;1 Çorba Kaşığı (20 g)
Kereviz (Pişmiş);27;0,96;5,9;0,19;1,2;1 Porsiyon (100 g)
Kereviz;42;1,5;9,2;0,3;1,8;1 Porsiyon (100 g)
Kepekli Makarna;169;5,24;31,95;1,43;3,43;1 Porsiyon (150 g)
Kepekli Lavaş;310;9,76;45,89;9,79;9,8;1 Adet (60 g)
Kepekli Simit;224;7,01;31,37;9,11;5,21;1 Porsiyon (150 g)
Kepekli Kurabiye;559;4,93;52,94;35,2;3,35;1 Porsiyon (60 g)
Kereviz Turşusu;11;0,87;1,1;0,15;2,09;1 Porsiyon (150 g)
Kereviz Çorbası;45;0,58;4,34;2,77;0,69;1 Porsiyon (307 g)
Kereviz Yaprakları;16;0,7;3;0,17;1,6;1 Demet (50 g)
Kestane (Kavrulmuş);239;2,28;33;10,83;7,68;1 Porsiyon (60 g)
Kestane;176;1,01;39,28;0,93;3,32;1 Porsiyon (60 g)
Kestane (Pişmiş);176;1,01;39,28;0,93;3,32;1 Porsiyon (75 g)
Keten Helva;285;5,07;61,17;0,52;2,07;1 Porsiyon (97 g)
Kestane Ezmesi;178;2,56;37,09;1,96;6,04;1 Porsiyon (60 g)
Kestane Şekeri;204;0,89;44,24;0,68;3,01;1 Porsiyon (463 g)
Kete;326;7,65;53;8,55;1,88;1 Porsiyon (103 g)
Kestaneli Pilav;139;8,9;42,42;1,32;0;1 Porsiyon (99 g)
Keten Tohumu;454;18,07;3,44;33,11;35,06;1 Yemek Kaşığı (15 g)
Keşkek;321;14,7;49,69;7,15;7,26;1 Porsiyon (150 g)
Ketçap;110;1,2;24;0;0,9;1 Çorba Kaşığı (20 g)
Keşkül;125;3,11;18,06;3,45;0,03;1 Porsiyon (260 g)
Kiraz;63;1,06;22,09;0,2;2,1;1 Porsiyon (200 g)
Kır Pidesi;259;10,06;30,43;10,6;5,27;1 Porsiyon (180 g)
Kıbbe;247;16,93;23,32;9,26;3,97;1 Porsiyon (437 g)
Kimyon;375;17,81;44,2;22,27;10,5;1 Çay Kaşığı (2 g)
Kinoa (Pişmiş);120;4,4;21,3;1,92;2,8;1 Su Bardağı (185 g)
Kinoalı Puding;94;3,49;12,46;2,9;0,92;1 Porsiyon (196 g)
Kimyonlu Kereviz Çorba;83;2,58;6,15;5,42;2,9;1 Porsiyon (200 g)
Kinoa Pilavı;110;4,15;19,32;1,7;2,73;1 Porsiyon (235 g)
Kırma Börek;191;9,25;28,06;4,3;1,51;1 Porsiyon (130 g)
Kılıç Balığı (Pişmiş);135;22,82;0;4,76;0;1 Porsiyon (150 g)
Kiraz Kurusu;252;3,6;53,2;1,2;0;1 Porsiyon (20 g)
Kinoa (Çiğ);367;14;64;6;7;1 Su Bardağı (126 g)
Kırmızı Biber;37;1,3;6,4;0,5;3,59;1 Porsiyon (150 g)
Kırmızı Mercimek;322;25,81;41,94;1,57;18,67;1 Fincan (75 g)
Kırmızı Erik;54;0,16;10,97;0,52;2,2;1 Adet (45 g)
Kırmızı Soğan;43;0,93;8,78;0,16;1,52;1 Adet (100 g)
Kırmızı Turp;16;0,79;3,94;0,12;1,6;1 Adet (230 g)
Kırmızı Lahana;36;0,52;6,99;0,21;1,96;1 Porsiyon (150 g)
Kırmızı Biber Konservesi;23;0,86;4;0,33;2,36;1 Porsiyon (150 g)
Kırmızı Pancar;44;1,23;8,02;0,52;128;1 Adet (80 g)
Kırmızı Biber Turşusu;19;0,67;3,07;0,25;1,79;1 Porsiyon (160 g)
Kış İçeceği;63;0,86;12,6;0,35;1,61;1 Porsiyon (200 g)
Kırmızı Mercimek Çorbası;31;1,37;3,26;1,18;1;1 Porsiyon (275 g)
Kırmızı Biber (Pişmiş);37;1,3;6,4;0,5;3,59;1 Porsiyon (150 g)
Kivili Smoothie;80;2,39;13,32;1,62;1,37;1 Porsiyon (400 g)
Kısır;162;4,18;28,81;3,41;3,94;1 Porsiyon (110 g)
Kişniş;6;0,6;0,3;0;0;1 Tutam (5 g)
Kıvırcık Marul;17;0,87;1,69;0,23;2,09;1 Porsiyon (100 g)
Kıymalı Brokoli Yemeği;102;5,96;7,68;5,3;2,3;1 Porsiyon (285 g)
Kivi (Bütün);63;0,37;13,62;0,18;2,73;1 Porsiyon (150 g)
Kıymalı Bezelye;96;5,84;7,86;4,39;2,97;1 Porsiyon (155 g)
Kıymalı Bamya;45;3,4;3,17;1,77;2,6;1 Porsiyon (220 g)
Kıymalı Enginar;78;4,94;3,43;4,79;3,22;1 Porsiyon (225 g)
Kıymalı Börek;248;9,2;28,83;10,39;1,76;1 Dilim (100 g)
Kivi;63;0,37;13,62;0,18;2,73;1 Adet (80 g)
Kıymalı Biber Dolma;79;5,37;3,62;4,68;1,36;1 Porsiyon (330 g)
Kıymalı Pide;209;8,2;24,48;8,52;1,6;1 Porsiyon (170 g)
Kıymalı Patates;80;3,65;8,95;3,09;1,85;1 Porsiyon (295 g)
Kıymalı Makarna;98;4,82;11,9;3,36;1,13;1 Porsiyon (200 g)
Kıymalı Tepsi Böreği;247;8,22;29,02;10,57;1,66;1 Porsiyon (200 g)
Kıymalı Yumurta;132;9,02;2,7;9,36;0,88;1 Porsiyon (275 g)
Kıymalı Patlıcan;67;4,02;2,77;4,3;1,82;1 Porsiyon (205 g)
Kıymalı Pırasa;60;3,62;2,97;3,54;1,29;1 Porsiyon (260 g)
Kızılcık;64;0,28;12,87;0,42;3,71;1 Dilim (25 g)
Kıymalı Ispanak;73;4,92;4,44;3,76;1,53;1 Porsiyon (220 g)
Kızartma Yağı;884;0;0;99,98;0;1 Çorba Kaşığı (10 g)
Kıymalı Pizza Börek;154;7,01;18,69;5,46;1,56;1 Porsiyon (100 g)
Kıymalı Gözleme;256;10,31;44,46;5,92;0,39;1 Adet (260 g)
Köy Ekmeği;235;9,42;47,5;1,94;5,71;1 Dilim (50 g)
Köri;325;14,29;55,83;14,01;53,2;1 Tatlı Kaşığı (5 g)
Köfte;168;13,05;4,92;10,47;0,81;1 Porsiyon (140 g)
Koyun Akciğer (Pişmiş);101;20,26;0;2,11;0;1 Porsiyon (35 g)
Koyun Böbrek (Pişmiş);101;18,2;0,61;2,79;0;1 Porsiyon (30 g)
Kol Böreği;242;9,35;35,85;8,36;0,28;1 Porsiyon (150 g)
Kokoreç;86;14,32;2;2,2;0,85;1 Porsiyon (250 g)
Kola;61;0;10,85;0;0;1 Su Bardağı (200 g)
Köfte Baharatı;135;8;12;6;1;1 Yemek Kaşığı (10 g)
Koyun Beyin (Pişmiş);127;11,92;0,99;8,45;0;1 Porsiyon (50 g)
Konserve Mısır;103;2,7;21;0,8;0;1 Porsiyon (60 g)
Konserve Garnitür;32;1,69;5,53;0,3;0;1 Porsiyon (100 g)
Krem Brule;161;4,47;8,32;12,04;0;1 Porsiyon (200 g)
Közlenmiş Domates;17;0,95;2,59;0,21;0,95;1 Porsiyon (110 g)
Közlenmiş Biber;39;2,28;5,68;0,59;7,01;1 Porsiyon (100 g)
Koyun Eti;222;17,16;0;17,22;0;1 Köfte Kadar (30 g)
Koyun Dili (Pişmiş);183;14,6;1,78;13,15;0;1 Porsiyon (35 g)
Koyun Dalak (Pişmiş);113;20,52;0;2,08;0;1 Porsiyon (30 g)
Közlenmiş Patlıcan;17;1,24;2,49;0,18;2,82;1 Porsiyon (200 g)
Krem Peynir;265;13,5;7,7;20;0;1 Porsiyon (35 g)
Krema;301;3,3;4,5;35;0;1 Kutu (200 g)
Közlenmiş Kırmızı Biber;27;1,2;5;0,2;0;1 Porsiyon (50 g)
Koyun Sütü;89;5,49;4,51;5,4;0;1 Su Bardağı (200 g)
Kraker Çeşitleri;376;10,32;75,04;3,28;4,5;1 Porsiyon (40 g)
Kremalı Brokoli Çorbası;25;0,91;1,56;1,62;0,71;1 Porsiyon (200 g)
Kremalı Domatesli Ravioli;136;2,02;8,82;10,06;0,72;1 Porsiyon (280 g)
Kremalı Bisküvi;475;5,1;73,7;18,1;1,9;1 Porsiyon (21 g)
Kruvasan;271;8,21;42,04;7,37;2,42;1 Porsiyon (75 g)
Kudret Narı;30;5,3;3,29;0,69;0;1 Adet (50 g)
Küflü Peynir;304;22;0;24;0;1 Dilim (30 g)
Krokanlı Fındık;452;2,39;81,95;12,32;1,64;1 Porsiyon (20 g)
Kremalı Dondurma;188;6,59;18,84;8,89;0;1 Porsiyon (50 g)
Kültür Mantarı;15;2,74;0,56;0,24;2,03;1 Porsiyon (100 g)
Krep;187;7,55;27,87;4,64;1,43;1 Porsiyon (100 g)
Kremalı Tavuk;161;15,36;1,02;11,17;0,08;1 Porsiyon (253 g)
Kumkuat;71;2;16;1;0;1 Porsiyon (84 g)
Kuru Ayva;202;2,09;36,17;2,61;30,24;1 Porsiyon (125 g)
Kuru Acı/Sivri Biber;266;11,65;48,34;1,82;26,1;1 Porsiyon (2 g)
Kuru Adaçayı;332;10,6;42,7;12,7;18,05;1 Çorba Kaşığı (3 g)
Kuru Bakla Unu;255;28,46;29,77;1,96;21,06;1 Porsiyon (80 g)
Kumpir;203;7,81;10,27;14,43;1,46;1 Porsiyon (125 g)
Kuru Bakla (Pişmiş);99;11,09;11,6;0,77;12,12;1 Porsiyon (65 g)
Kuru Baklagiller;266;20;43,34;1,67;16,6;1 Porsiyon (110 g)
Kuru Anason;358;17,6;35,4;15,9;14,6;1 Porsiyon (2 g)
Kuru Bakla;323;23,07;46,66;1,6;14,71;1 Porsiyon (130 g)
Künefe;253;3,8;26,56;13,35;0,65;1 Dilim (150 g)
Kumru;311;13,49;27,11;16,36;1,87;1 Adet (300 g)
Kuru Armut;262;1,87;69,7;0,63;7,5;1 Porsiyon (125 g)
Kuru Barbunya;333;23,58;60,01;0,83;24,9;1 Kase (100 g)
Kuru Barbunya (Pişmiş);127;8,67;22,81;0,5;6,4;1 Porsiyon (100 g)
Kuru Beyaz Biber;296;10,4;68,61;2,12;26,2;1 Porsiyon (2 g)
Kuru Börülce;313;22,88;43,74;1,01;18,98;1 Su Bardağı (120 g)
Kuru Domates;258;14,11;55,76;2,97;0;1 Porsiyon (10 g)
Kuru Elma;302;1,24;60,97;1,38;20,52;1 Çay Bardağı (16 g)
Kuru Bezelye;278;22,9;41,85;1,44;16,6;1 Porsiyon (70 g)
Kuru Bezelye (Pişmiş);145;12,03;21,98;0,76;9,01;1 Porsiyon (60 g)
Kuru Biber (Pişmiş);55;3,25;7,68;0,84;10,31;1 Porsiyon (25 g)
Kuru Bira Mayası;353;39,04;21,57;7,48;21,6;1 Porsiyon (5 g)
Kuru Çökelek;379;54,9;13,8;11,7;0;1 Çorba Kaşığı (30 g)
Kuru Dereotu;253;19,96;55,82;4,36;13,6;1 Porsiyon (40 g)
Kuru Maya;353;39,04;21,57;7,48;21;1 Paket (10 g)
Kuru Erik;261;3,32;56,47;1,11;9,41;1 Adet (10 g)
Kuru Fasulye (Çiğ);281;21,75;29,42;1,35;32,17;1 Porsiyon (70 g)
Kuru Maydanoz;252;20,91;20,37;3,39;28,07;1 Porsiyon (40 g)
Kuru Safran;310;11,43;65,37;5,85;3,9;1 Porsiyon (2 g)
Kuru Nane;356;12,1;65,5;4,25;10,1;1 Yemek Kaşığı (3 g)
Kuru Kayısı;250;5,32;50,46;0,59;11,23;1 Adet (10 g)
Kuru Kekik;288;8,81;26,66;7,25;40,4;1 Porsiyon (2 g)
Kuru Kuşburnu;254;5,19;36,66;0,15;42,83;1 Porsiyon (9 g)
Kuru Hurma;277;1,81;74,97;0,15;15;1 Adet (15 g)
Kuru Fesleğen;233;22,98;47,75;4,07;37,7;1 Porsiyon (2 g)
Kuru İncir;249;3,3;63,87;0,93;9,8;1 Adet (20 g)
Kuş Üzümü;303;3;66,8;1,3;3,4;1 Avuç (15 g)
Kuru Üzüm;304;10,6;4,33;12,33;1,02;1 Avuç (30 g)
Kuru Soğan;40;1,16;7,88;0,18;1,23;1 Adet (75 g)
Kuru Siyah Çay;269;21,56;21,37;46,68;46,68;1 Porsiyon (10 g)
Kuşbaşılı Etli Bamya;81;5,64;2,56;5,22;2,73;1 Porsiyon (200 g)
Kurutulmuş Mantar;211;38,09;7,79;3,33;28,22;1 Porsiyon (200 g)
Kuru Yeşilacı/Sivri Biber;264;9,51;50,66;1,48;26,23;1 Porsiyon (30 g)
Kurutulmuş Çilek;396;0;96,43;1,79;1,8;1 Yemek Kaşığı (6 g)
Kuru Tarhana;336;12,11;65,33;2,11;3,84;1 Porsiyon (75 g)
Kurutulmuş Hünnap;281;4,72;72,52;0,5;6;1 Adet (17 g)
Kuşbaşı Etli Bezelye;74;4,35;4,7;4,11;1,69;1 Porsiyon (155 g)
Kuru Yenibahar;263;6,09;72,12;8,69;21,6;1 Paket (10 g)
Kuzu Kıyması;282;16,56;0;23,41;0;1 Köfte Kadar (32 g)
Kuskus Pilavı;211;6,55;40,42;2,08;2,46;1 Porsiyon (180 g)
Kuşburnu Marmelatı;275;0;67,31;0,12;2,13;1 Yemek Kaşığı (13 g)
Kuşbaşılı Pide;132;7,25;18,77;2,96;1,64;1 Porsiyon (390 g)
Kuskus (Pişmemiş);376;12,76;77,43;0,64;5;1 Kase (100 g)
Kuzu İncik;124;10,63;1,53;8,05;0,47;1 Porsiyon (363 g)
Kuşburnu;162;1,6;38,22;0,34;6;1 Porsiyon (30 g)
Kuzu Eti;220;32,75;2,5;8,9;0;1 Köfte Kadar (30 g)
Kuşkonmaz (Pişmiş);22;2,4;4,11;0,22;2;1 Porsiyon (150 g)
Kuzu Pirzola;187;10,97;3,79;13,82;0,55;1 Porsiyon (130 g)
Kuşkonmaz Çorbası;87;2,33;6,34;5,96;0,49;1 Porsiyon (150 g)
Kuşburnu Konsantresi;247;8,9;42,42;1,32;0;1 Porsiyon (125 g)
Lazanya (Çiğ);354;11,6;71,8;1,5;0;1 Porsiyon (42 g)
Lebeniye Çorbası;100;5,43;10,25;4,15;2,03;1 Porsiyon (310 g)
Lazanya;181;7,75;16,68;9,04;0,68;1 Porsiyon (272 g)
Levrek (Buğulama);93;21,39;0;0,68;0;1 Porsiyon (150 g)
Labne Peynir;200;5;5,5;18;0;1 Porsiyon (30 g)
Leblebi;268;19,8;38,34;3,4;21,4;1 Kahve Fincanı (20 g)
Lavaş Ekmeğine Dürüm;135;4,91;24,18;1,71;1,83;1 Porsiyon (171 g)
Lahana Turşusu;17;0,64;1,85;0,06;0,91;1 Porsiyon (90 g)
Lavaş Ekmeği;284;7;57,51;2,23;3,16;1 Adet (65 g)
Lahana Bohçası;115;5,66;17,38;2,33;2,02;1 Porsiyon (150 g)
Kuzu Şiş Dürüm;178;19,57;7,94;20,98;2,64;1 Porsiyon (280 g)
Lahana Çorbası;15;0,71;2,48;0,14;1,13;1 Porsiyon (200 g)
Light Cevizli Güllaç;114;2,53;16,5;2,37;0,09;1 Porsiyon (110 g)
Limon Konsantresi;17;0,47;5,66;0,07;0,7;1 Porsiyon (120 g)
Limon Kabuğu;89;1,5;16;0,3;0;1 Fincan (30 g)
Light Kola;0;0,03;0,02;0;0;1 Kutu (330 g)
Limon Otu;99;1,82;23,31;0,49;0;1 Yemek Kaşığı (10 g)
Light Müsli;361;10,7;68,9;7,9;10,3;1 Porsiyon (40 g)
Light Tereyağ;499;3,3;0;55,1;0;1 Porsiyon (18 g)
Light Mayonez;370;1;6;38;0;1 Porsiyon (25 g)
Limon Sos;90;1,33;13,39;0,92;2,03;1 Yemek Kaşığı (240 g)
Light Dil Peyniri;220;26;2;12;0;1 Porsiyon (35 g)
Levrek;97;18,43;0;2;0;1 Adet (300 g)
Light Yoğurt;50;4,7;7,4;0,15;0;1 Kase (200 g)
Limonlu Dondurma;184;4,6;31,5;4,37;0;1 Porsiyon (50 g)
Limonlu Kek;273;3,17;26,5;15,71;0,01;1 Dilim (55 g)
Limon Suyu;100;0,56;19,85;0,43;0,12;1 Su Bardağı (200 g)
Limon;43;0,44;8,73;0,36;1,41;1 Adet (100 g)
Limon Tuzu;0;0;0;0;0;1 Tatlı Kaşığı (10 g)
Mafiş Tatlısı;365;7,67;40,87;18,95;2,27;1 Porsiyon (19 g)
Limonata;37;0,12;7,34;0,1;0,22;1 Porsiyon (256 g)
Macar Salamı;199;10;1,5;17;0,04;1 Porsiyon (125 g)
Lokma Tatlısı;518;2,43;50,12;32,12;0,72;1 Porsiyon (185 g)
Limonlu Kup;307;8,77;46,27;11,08;5,7;1 Porsiyon (140 g)
Lüfer Izgara;125;20,37;0;4,77;0;1 Porsiyon (150 g)
Limonlu Cheesecake;344;6,5;41,01;15,65;2,28;1 Porsiyon (150 g)
Maklube;233;10,78;28,17;9,93;0,93;1 Porsiyon (93 gr)
Makarna;366;9,92;71,74;4,81;0;1 Porsiyon (90 g)
Makarna Çorbası;32;0,79;4,08;1,39;0,21;1 Porsiyon (380 g)
Makarna Salatası;94;2,81;17,76;1,34;0,6;1 Porsiyon (303 g)
Makaron;350;6,88;44;15,98;2,4;1 Porsiyon (75 g)
Mandalina Konsantresi;259;3,96;50,78;1,51;0;1 Porsiyon (100 g)
Mahluta Çorba;49;4,81;10,03;1,87;0,99;1 Porsiyon (150 g)
Mandalina Konservesi;37;0,62;9,57;0,03;0,7;1 Porsiyon (125 g)
Maggi Sebzeli Çeşni;170;8,2;29,3;1,4;3,6;1 Porsiyon (1 g)
Mamul Cevizli;437;8,45;38,68;26,95;2,42;1 Porsiyon (65 g)
Mandalina (Dondurulmuş);53;0,73;10,55;0,31;1,78;1 Porsiyon (40 g)
Malta Eriği/Yenidünya;25;1,11;8,14;0,54;2,05;1 Avuç (55 g)
Mango Suyu;48;0,08;11,9;0;0;1 Su Bardağı (200 g)
Mango;60;0,82;14,98;0,38;1,6;1 Yarım (80 g)
Mango Nektarı;51;0,11;13,12;0,06;0,3;1 Su Bardağı (200 g)
Mandalinalı Kek;209;3,69;28,66;8,09;2,02;1 Porsiyon (225 g)
Mango Reçeli;278;0,22;67,75;0,17;0,63;1 Tatlı Kaşığı (5 g)
Mantar Çorbası;66;2,04;4,91;4,25;0,96;1 Porsiyon (210 g)
Mantar Salatası;37;2,39;5,18;0,58;2,19;1 Porsiyon (215 g)
Mandalina;50;0,47;10,7;0,1;2,09;1 Adet (125 g)
Mandalina (Pişmiş);53;0,73;10,57;0,31;1,82;1 Porsiyon (150 g)
Mandalina Suyu;43;0,5;10,1;0,2;0,17;1 Su Bardağı (200 g)
Mandalina Nektarı;64;0,32;14,74;0,12;0,09;1 Su Bardağı (200 g)
Mandalina Reçeli;275;0,26;66,75;0,11;0,63;1 Tatlı Kaşığı (5 g)
Mantar Sote;63;1,88;4,49;4,26;1,33;1 Porsiyon (300 g)
Margarita;218;0,06;13,86;0,11;0,1;1 Kadeh (77 g)
Mantı Çorbası;72;2,59;7,07;3,71;0,93;1 Porsiyon (265 g)
Mantı;170;4,12;29,71;3,5;0,85;1 Porsiyon (190 g)
Martini;226;0;0,57;0;0;1 Kadeh (71 g)
Marul;16;0,9;1,7;0,2;1,3;1 Demet (100 g)
Mantı Sosu;200;3,58;8,6;16,54;1,12;1 Porsiyon (90 g)
Maş Fasulyesi;347;23,86;62,62;1,15;16,3;1 Porsiyon (70 g)
Mantarlı Pilav;161;2,74;26,19;4,89;0,81;1 Porsiyon (200 g)
Mantar;28;2,7;4,4;0,3;0,8;1 Porsiyon (100 g)
Mantarlı Omlet;104;6,5;2,81;7,62;0,46;1 Porsiyon (130 g)
Masala Baharatı;289;22,2;66,6;11,1;33,3;1 Çay Kaşığı (2 g)
Kuru Melisa/Oğulotu;343;4,9;46,4;15,2;17,65;1 Porsiyon (2 g)
Maydanoz;37;3,39;2,82;0,56;3,42;1 Porsiyon (10 g)
Maydanozlu Omlet;157;11,65;2,37;11,31;1,1;1 Porsiyon (59 g)
Menemen;71;3,52;3,39;4,79;1,39;1 Porsiyon (250 g)
Mayalı Hamur;302;7,3;43,74;10,69;2,27;1 Porsiyon (100 g)
Meksika Fasulyesi;337;22,53;61,29;1,06;15,2;1 Su Bardağı (180 g)
Melisa/Oğulotu;42;3,5;5;0,8;3;1 Tutam (3 g)
Mate Çayı;0;0;0;0;0;1 Yemek Kaşığı (100 g)
Mayonez;390;0,9;23,9;33,4;0;1 Porsiyon (25 g)
Menengiç Kahvesi;594;20,8;16,4;51,6;2;1 Tatlı Kaşığı (5 g)
Meksika Cocadası;119;1,55;18,87;3,18;0,02;1 Porsiyon (504 g)
Maydanozlu Balık Köftesi;208;18,31;5,74;12,41;0,56;1 Porsiyon (30 g)
Mercanköşk;46;2,05;6,87;1,13;2,93;1 Demet (60 g)
Meyve Karışımı;49;0,74;10,3;0,23;1,78;1 Porsiyon (150 g)
Mevsim Salata;31;1,34;3,83;1,03;1,72;1 Porsiyon (190 g)
Mercimekli Ispanak;59;2,18;4,66;3,21;2,36;1 Porsiyon (528 g)
Mercimek Yemeği;71;3,9;7,41;1,97;4,4;1 Porsiyon (230 g)
Mercimek Köftesi;130;4,03;16,93;4,55;4,54;1 Porsiyon (225 g)
Mercimekli Bulgur Pilavı;174;5,65;25,48;5,35;4,33;1 Porsiyon (140 g)
Mengen Çorbası;31;1,18;3,5;1,34;0,5;1 Porsiyon (228 g)
Mercimek Çorbası;46;2,46;8,28;0,2;1,75;1 Porsiyon (300 g)
Meyve Salatası;55;0,53;12,19;0,3;1,79;1 Porsiyon (315 g)
Meyve;48;0;12;0;0;1 Adet (100 g)
Mercimekli Kısır;219;9,87;29,37;5,59;9,77;1 Porsiyon (230 g)
Meyveli Dondurma;132;1,29;28,06;1,36;0,61;1 Porsiyon (50 g)
Mezgit Balığı;70;15,27;0;0,97;0;1 Porsiyon (200 g)
Meyveli Kek;349;4,97;42,96;16,19;2,25;1 Porsiyon (109 g)
Meyveli İçecek;83;3;13,9;1,6;0;1 Adet (253 g)
Meyveli Meşrubat Çeşitleri;47;0,17;11,2;0,03;0,35;1 Porsiyon (200 g)
Meyveli Pasta;172;4,25;27,4;4,06;2,4;1 Porsiyon (250 g)
Meyveli Şarap;67;0;4,93;0;0;1 Kadeh (150 g)
Meyveli Soda;38;0;9;0;0;1 Çay Bardağı (100 g)
Meyveli Yoğurt;64;2,43;7,16;2,55;0,69;1 Porsiyon (190 g)
Meyveli Soğuk Çay;8;0,23;2,26;0,15;0,74;1 Porsiyon (240 g)
Meyveli Pelte;38;0,39;6,77;0,92;1,58;1 Porsiyon (180 g)
Meyveli Pavola (Beze);175;3,02;17,93;2,4;0,06;1 Porsiyon (29 g)
Midye;86;14,67;3,57;0,96;0;1 Porsiyon (90 g)
Mıhlama;407;15,94;3,29;36,99;0,13;1 Porsiyon (120 g)
Midye Dolma;87;5,39;10,28;2,38;0,44;1 Adet (30 g)
Midye (Pişmiş);148;25,55;5,13;1,95;0;1 Porsiyon (90 g)
Milka Beyaz;540;4,7;63;29,5;0;1 Porsiyon (15 g)
Mısır Çorbası;45;1,39;6,57;1,69;0,69;1 Porsiyon (260 g)
Midye Tava;198;9,27;17,78;9,71;2,63;1 Porsiyon (230 g)
Milka Milkinis;585;5;52;39;0,1;1 Adet (11 g)
Mısır Çıtırı (Glutensiz);335;4,44;70,47;3,49;2,48;1 Porsiyon (10 g)
Milföy Hamuru;551;7,3;45,1;38,1;1,5;1 Porsiyon (50 g)
Mihaliç Peyniri;384;27;1,5;30;0;1 Porsiyon (25 g)
Milka Bubbly Bademli;540;6,9;54;32,5;2,1;1 Porsiyon (15 g)
Mozzarella Peynir;300;19;2,19;22,33;0;1 Porsiyon (150 g)
Mısır (Pişmiş);96;3,41;20,98;1,5;2,4;1 Bardak (100 g)
Mısır Nişastası;370;0,19;90,58;0,78;0,9;1 Çorba Kaşığı (10 g)
Mısır Ekmeği;314;7,13;34,05;16,51;1,52;1 Dilim (30 g)
Mücver;83;3,67;5,71;5,04;1,22;1 Porsiyon (175 g)
Mısır Unu;356;5,44;72,85;3,66;5,06;1 Çay Bardağı (47 g)
Mozaik Pasta;368;5,26;42,16;19,53;2,2;1 Porsiyon (90 g)
Mısırözü Yağı;900;0;0;100;0;1 Tatlı Kaşığı (5 g)
Muhallebi;155;3,14;25,45;3,07;0,05;1 Porsiyon (220 g)
Misk Otu;41;3,1;5,1;0,8;3,11;1 Tutam (3 g)
Mısır Salatası;70;2,07;8,68;2,72;2,11;1 Porsiyon (240 g)
Muffin (Cupcake);0;4,3;67,2;12,8;4,3;1 Adet (45 g)
Muz;77;0,58;17,64;0,28;1,57;1 Adet (170 g)
Muratbey Tereyağı;783;0,58;0,07;86,71;0;1 Çorba Kaşığı (20 g)
Müslili Yoğurt;97;4,16;13,54;2,39;1,66;1 Porsiyon (250 g)
Muz Suyu;291;3,51;65,34;0,55;6,11;1 Su Bardağı (200 g)
Mürdüm Eriği;54;0,16;10,97;0,52;2,2;1 Adet (45 g)
Muhammara;557;10,64;15,2;51,1;4,93;1 Porsiyon (179 g)
Mürver;48;2,5;7,4;0,5;4;1 Porsiyon (200 g)
Muska Böreği;211;6,57;42,07;1,4;3,04;1 Porsiyon (150 g)
Muşmula;49;0,5;10,6;0,2;10;1 Porsiyon (100 g)
Muz Nektarı;54;0,27;12,72;0,04;0;1 Su Bardağı (200 g)
Mürekkep Balığı (Pişmiş);95;18,44;2,44;1,17;0;1 Porsiyon (150 g)
Müsli Parfait;205;7,08;17,83;11,56;4,5;1 Porsiyon (116 g)
Naneli Bulgur Çorba;57;1,06;4,86;3,71;0,7;1 Porsiyon (200 g)
Nachos;317;5,21;41,76;14,47;3,41;1 Porsiyon (81 g)
Nane Çayı;1;0,09;0,13;0,02;0,07;1 Porsiyon (205 g)
Naneli Limonata;45;0,21;9,46;0,17;0,36;1 Su Bardağı (240 g)
Nan;213;6,83;41,01;2,08;2,28;1 Porsiyon (175 g)
Nar Nektarı;60;0,16;14,19;0,12;0;1 Su Bardağı (200 g)
Nane;41;3,37;1,6;0,88;6,69;1 Demet (100 g)
Nar Konsantresi;272;2,72;57,71;2,08;0;1 Porsiyon (125 g)
Muzlu Kek;392;6,65;42,52;20,76;2,45;1 Porsiyon (120 g)
Nar Ekşisi;300;1;74;0;0;1 Çorba Kaşığı (10 g)
Muzlu Kurabiye;448;5,2;47,35;26,3;2,48;1 Porsiyon (65 g)
Nar Reçeli;195;0,03;41,61;0,47;1,09;1 Porsiyon (31 g)
Nohut Mantısı;260;13,25;37,96;6,71;3,1;1 Porsiyon (130 g)
Nesfit Sade;372;8,5;76,1;2,1;7,3;1 Kase (30 g)
Nohut Salatası;122;5,15;13,85;5,3;2,9;1 Porsiyon (78 g)
Narlı Tart;280;2,92;45,87;8,73;1,54;1 Porsiyon (80 g)
Nescafe Vanilyalı Cappuccino;447;10,4;66,5;15,1;1,9;1 Porsiyon (20 g)
Nohut;360;20,5;61;4,8;5;1 Su Bardağı (120 g)
Nohut Unu;389;23;63;5;6;1 Su Bardağı (200 g)
Nar Suyu;53;0;13,03;0,05;0;1 Su Bardağı (200 g)
Nar;61;0,26;9,29;0,21;10,21;1 Yarım (80 g)
Nektarin;43;0,2;8,62;0,35;2,07;1 Adet (110 g)
Nescafe Cappuccino Light;443;15;59,4;15;2,8;1 Porsiyon (11 g)
Nescafe Latte;429;8,2;67;12,9;7;1 Porsiyon (17 g)
Nohutlu Pilav;169;4,15;31,29;2,94;0,92;1 Porsiyon (100 g)
Örgü Peyniri;286;25;1,5;20;0;1 Dilim (25 g)
Noodle;384;14,16;71,27;4,44;3,3;1 Su Bardağı (200 g)
Orman Kebabı;143;9,52;4,63;8,97;1,03;1 Porsiyon (179 g)
Otlu Ekmek;304;12,59;62,59;2,38;10,25;1 Adet (35 g)
Nohutlu Pirinç Çorbası;77;2,22;11,88;2,33;0,62;1 Porsiyon (210 g)
Omlet;184;12,16;2,31;14,44;0,73;1 Porsiyon (55 g)
Ördek Eti;226;18,1;0;17,2;0;1 Porsiyon (150 g)
Oğmaç Çorbası;104;3,57;14,78;3,35;0,72;1 Porsiyon (161 g)
Nohutlu Bamya Kızartması;72;3,82;9,03;2,26;2,94;1 Porsiyon (320 g)
Nohutlu Bamya;53;1,83;4,06;3,08;3,18;1 Porsiyon (150 g)
Nutella;544;6;57,3;31,6;3,4;1 Kavanoz (180 g)
Palamut Balığı Konservesi;1160;109;0;7,4;0;1 Porsiyon (10 g)
Palmiye Yağı;884;0;0;100;0;1 Porsiyon (20 g)
Özbek Mantısı;162;5,73;24,88;4,09;0,64;1 Porsiyon (240 g)
Paçanga Böreği;371;10,92;13,15;31,34;0,44;1 Porsiyon (136 g)
Pamuk Yağı;882;0;0;99,7;0;1 Çorba Kaşığı (12 g)
Paella;253;17,43;19,06;11,75;0,83;1 Porsiyon (149 g)
Palamut Balığı;216;20,16;0;15,07;0;1 Porsiyon (150 g)
Palamut Meyvesi;509;8,1;53,7;31,4;0;1 Adet (5 g)
Palamut Izgara;137;10,5;2,02;8,78;0,6;1 Porsiyon (300 g)
Özbek Pilavı;168;6,57;17,12;8,11;0,76;1 Porsiyon (340 g)
Palamut (Buğulama);113;8,53;2,58;7,56;0,6;1 Porsiyon (350 g)
Özbek Çorbası;128;8,81;14,45;3,67;3,47;1 Porsiyon (207 g)
Pandispanya Kek;293;6,46;39,79;10,48;0,78;1 Porsiyon (71 g)
Parmesan Peyniri;392;35,75;3,22;25,32;0;1 Porsiyon (35 g)
Pankek;243;7,65;33,11;8,23;1,42;1 Porsiyon (180 g)
Papaya;43;0,47;10,82;0,26;1,7;1 Porsiyon (150 g)
Pastırmalı Kıyma;165;14,01;3,18;10,38;0,52;1 Porsiyon (185 g)
Paskalya Çöreği;316;7,87;43,35;11,75;2,37;1 Porsiyon (140 g)
Pastırmalı Çin Böreği;177;8,93;13,07;9,79;1,3;1 Porsiyon (110 g)
Pancar Yaprağı;22;2,2;4,33;0,13;3,7;1 Porsiyon (200 g)
Pandispanya Hamuru;275;8,47;38,62;10,36;0,83;1 Porsiyon (50 g)
Pastırma;250;29,5;0;13,9;0;1 Porsiyon (30 g)
Panna Cotta;147;2,75;19,75;5,39;0;1 Porsiyon (200 g)
Pancar;51;0,77;10,43;0,33;1,74;1 Porsiyon (375 g)
Patates Piyazı;94;1,66;9,67;5,13;1,92;1 Porsiyon (245 g)
Patates Oturtma;214;4,99;14,77;14,93;1,89;1 Porsiyon (220 g)
Patates Salatası;71;1,31;11,64;1,78;1,96;1 Porsiyon (187 g)
Patates Nişastası;333;0,06;82,02;0,29;0,85;1 Porsiyon (25 g)
Patates Püresi;189;3,59;15,04;12,46;1,36;1 Porsiyon (260 g)
Patates Çanağı;73;1,89;11,59;1,88;1,25;1 Porsiyon (150 g)
Patates Cipsi;532;0,91;7,75;55,39;0,93;1 Porsiyon (135 g)
Patates (Kabuklu);77;2,05;17,49;0,09;2,1;1 Adet (200 g)
Pastırmalı Yumurta;220;16,51;0,51;16,72;0;1 Porsiyon (75 g)
Patates Kızartması;158;2,75;25,55;5,48;3;1 Porsiyon (80 g)
Patates Çorbası;32;0,82;5,18;0,8;0,86;1 Porsiyon (265 g)
Patates Kızartması (Actifry);94;2,5;18,75;1;3;1 Porsiyon (100 g)
Patatesli Pide;140;3,37;23,11;3,57;1,98;1 Porsiyon (220 g)
Patatesli Halkalar;264;5,46;21,86;17,17;1,96;1 Porsiyon (145 g)
Patatesli Yumurta;119;6,67;8,16;6,57;0,79;1 Porsiyon (110 g)
Patatesli Börek;272;5,69;35,83;11,57;2,56;1 Porsiyon (200 g)
Patatesli Çiğ Köfte;136;3,82;26,65;1,17;4,63;1 Porsiyon (180 g)
Patates Unu;357;6,9;83,1;0,34;5,9;1 Çay Bardağı (80 g)
Patatesli Omlet;260;7,44;18,77;17,26;2,01;1 Porsiyon (150 g)
Patatesli Kremalı Çorba;115;1,95;8,57;8,07;0,66;1 Porsiyon (260 g)
Patatesli Poğaça;328;4,98;28,59;21,37;1,51;1 Porsiyon (75 g)
Patatesli Gözleme;197;5,48;38,82;3,4;1,22;1 Adet (350 g)
Patatesli Havuç Çorbası;44;0,82;4,19;2,73;0,71;1 Porsiyon (200 g)
Patatesli Brokolili Köfte;64;4,34;5,86;2,4;1,3;1 Porsiyon (350 g)
Patlıcan Pizza;66;1,81;4,6;4,27;2,16;1 Porsiyon (100 g)
Patlıcan;17;1,24;2,49;0,18;2,82;1 Adet (200 g)
Patlıcan (Dondurulmuş);19;1,37;2,74;0,2;3,11;1 Porsiyon (150 g)
Patlıcan Kebabı;102;9,05;4,78;4,5;1,94;1 Porsiyon (270 g)
Pavurya (Pişmiş);110;22,32;0,95;1,24;0;1 Porsiyon (100 g)
Patetop;94;1,52;10,34;4,93;1,67;1 Porsiyon (110 g)
Patlıcan (Pişmiş);17;1,24;2,49;0,18;2,91;1 Porsiyon (150 g)
Patlıcan Musakka;62;4,36;2,34;3,82;1,73;1 Porsiyon (210 g)
Patlıcan Yemeği;35;1,07;3,25;1,93;2,07;1 Porsiyon (370 g)
Patlıcan Salatası;34;1,16;3,03;1,82;2,29;1 Porsiyon (230 g)
Patlıcan Ezme;29;1,28;3,25;1,2;2,78;1 Porsiyon (300 g)
Patlıcanlı Börek;142;5,4;24,57;2,25;2,65;1 Porsiyon (150 g)
Pazı;22;1,44;2,74;0,25;1,7;1 Porsiyon (130 g)
Penguen Böğürtlen Reçeli;273;0,2;68;0;0;1 Porsiyon (5 g)
Petibeur Bisküvi;437;7,73;79,87;9,6;0,95;1 Porsiyon (30 g)
Pesto Sos;457;34,71;5,42;48,63;1,54;1 Porsiyon (83 g)
Penne Arabiata;164;26,5;31,79;4,43;1,02;1 Porsiyon (100 g)
Peksimet;311;7,87;28,56;18,41;1,29;1 Porsiyon (70 g)
Penne Makarna;345;10,5;75,9;0,3;0;1 Paket (500 g)
Penguen Çilek Reçeli;299;0,2;74;0,3;0;1 Porsiyon (5 g)
Peynir Altı Suyu;24;0,76;5,12;0,09;0;1 Porsiyon (250 g)
Pepino;26;0,4;7;0,1;0,6;1 Adet (100 g)
Pazı (Dondurulmuş);26;2,24;2,83;0,31;2,71;1 Porsiyon (150 g)
Perde Pilavı;156;10,03;15,77;5,61;0,57;1 Porsiyon (153 g)
Peynirli Karnıyarık;61;4,99;3,48;3,06;2,29;1 Porsiyon (400 g)
Peynirli Kek;242;6,11;42,4;4,91;0,87;1 Dilim (230 g)
Peynir Helvası;221;13,22;82,27;6,74;0;1 Porsiyon (150 g)
Peynirli Milföy Böreği;302;11,32;16,86;21,16;1,41;1 Porsiyon (100 g)
Peynirli Börek;259;10,11;33,48;9,14;1,95;1 Porsiyon (150 g)
Peynirli Pizza;200;10,75;19,72;9,01;2,91;1 Porsiyon (323 g)
Peynirli Bohça Böreği;255;8,9;34,19;8,95;2,05;1 Porsiyon (75 g)
Peynir Poğaça;391;8,71;30,57;26,14;1,66;1 Adet (60 g)
Peynirli Makarna;127;4,69;20,56;2,99;0,75;1 Porsiyon (243 g)
Peynirli Lavaş Dürüm;150;2,88;29,05;2,12;1,46;1 Porsiyon (125 g)
Peynir Topları;224;14,9;3,68;16,55;0;1 Porsiyon (30 g)
Peynirli Pide;196;7;25,83;6,96;2,1;1 Porsiyon (130 g)
Peynirli Sandviç;244;8,84;30,44;9,61;4,16;1 Porsiyon (80 g)
Pideli Köfte;204;11,73;17,55;9,39;1,29;1 Porsiyon (200 g)
Piliç Çevirme (Derisiz);180;29;0;7;0;1 Porsiyon (100 g)
Piliç İskender;205;11,84;18,78;4,02;1,38;1 Porsiyon (210 g)
Pideli Cızbız Köfte;169;9,74;13,29;8,37;1,23;1 Porsiyon (210 g)
Piliç Çevirme (Derili);215;17,8;0,41;17,53;0,17;1 Porsiyon (175 g)
Pide Ekmeği;258;7,58;51,39;1,5;4,08;1 Porsiyon (65 g)
Piliç Nugget;268;16;6;20;0;1 Adet (200 g)
Peynirli Tortellini;267;10,41;33,09;10,23;3,3;1 Porsiyon (100 g)
Piliç Kraker;124;20,83;6,45;1,46;0,44;1 Adet (70 g)
Piliç Bonfile;133;20,89;0,9;5,15;0,29;1 Adet (300 g)
Piliç Jambon;89;13;1;3,7;0;1 Paket (150 g)
Piliç Roti;99;3,68;5,34;6,04;1,03;1 Porsiyon (210 g)
Pirinç Çorbası;59;2;4,6;3,54;0,34;1 Porsiyon (280 g)
Pırasalı Börek;157;4,36;21,32;5,93;1,76;1 Porsiyon (275 g)
Piliç Şiş;198;21,65;2,02;11,56;0,37;1 Porsiyon (150 g)
Pırasalı Çörek;128;3,95;18,64;3,96;1,77;1 Porsiyon (175 g)
Pırasa (Dondurulmuş);321;15,2;74,65;2,1;10,4;1 Porsiyon (150 g)
Piliç Sucuk;382;17;0;34,1;0;1 Porsiyon (30 g)
Pırasa;61;1,5;14,15;0,3;1,8;1 Porsiyon (150 g)
Pırasalı Ekmek;227;4,9;18,18;14,99;1,83;1 Porsiyon (200 g)
Piliç Sosis;198;11;0;14;0;1 Köfte Kadar (30 g)
Pırasa (Pişmiş);31;0,81;7,62;0,2;2,11;1 Porsiyon (150 g)
Pırasa Dolması;71;4,18;4,17;4,09;1,22;1 Porsiyon (270 g)
Pirinçli Kabak Çorba;36;1,01;5,37;1,13;0,62;1 Porsiyon (100 g)
Pişmaniye;484;2,41;103,02;6,92;0;1 Porsiyon (40 g)
Pirinç Sirkesi;20;0;5;0;0;1 Tatlı Kaşığı (5 g)
Pizza Karışık;186;5,84;30,51;4,33;2,33;1 Porsiyon (185 g)
Pirinç Salatası;52;1,23;8,8;1,1;0,84;1 Porsiyon (130 g)
Pizza Sosu;78;4,78;8,56;2,48;2,26;1 Porsiyon (80 g)
Pişmiş Armut;55;0,52;12,96;0,31;3;1 Porsiyon (150 g)
Pizza (Etli);141;8,79;19,34;3,02;1,87;1 Porsiyon (285 g)
Pirinç Unu;348;6,68;77,62;0,65;2;1 Porsiyon (10 g)
Pişmiş Lüfer;159;25,69;0;5,44;0;1 Porsiyon (150 g)
Pirinç Kepeği;351;0,4;85,82;0,08;1;1 Çorba Kaşığı (10 g)
Pişmiş Mantar;15;2,74;0,5;0,24;2,1;1 Porsiyon (100 g)
Poğaça;347;7,01;31,9;21,06;1,95;1 Porsiyon (65 g)
Polen;0;18;49,5;0;0;1 Çorba Kaşığı (12 g)
Portakal Suyu;60;0,4;14,64;0,17;0,11;1 Su Bardağı (200 g)
Portakal;47;0,94;11,75;0,12;2,4;1 Adet (220 g)
Portakal (Pişmiş);49;1,05;9,61;0,21;2,35;1 Adet (220 g)
Polo;402;0;98,1;1;0;1 Adet (2 g)
Portakallı Bisküvi;411;6,3;68,8;15,1;4,1;1 Porsiyon (30 g)
Polenta;288;3,19;26,8;18,48;1,1;1 Porsiyon (80 g)
Portakal Nektarı;50;0,46;12;0,08;0;1 Su Bardağı (200 g)
Portakal Reçeli;128;0,59;27,54;0,12;1,14;1 Porsiyon (85 g)
Portakal Likörü;321;0;25;0;0;1 Bardak (30 g)
Portakal Konsantresi;75;0;18,23;0;0;1 Porsiyon (125 g)
Probiyotik Yoğurt;67;3,7;5,2;3,5;0;1 Kutu (110 g)
Prenet;410;52;24;11;1,5;1 Porsiyon (17 g)
Rambutan;68;1;16;0;3;1 Porsiyon (75 g)
Pronot Glutensiz Bisküvi;530;0,3;65,8;29,5;0,2;1 Porsiyon (42 g)
Radicchio;23;1,43;4,48;0,25;0,9;1 Porsiyon (60 g)
Pul Biber;318;12,01;56,63;17,27;27,2;1 Yemek Kaşığı (10 g)
Profiterol;238;3,22;31,01;10,71;0,87;1 Porsiyon (155 g)
Puf Böreği;237;8,14;28,92;9,73;1,75;1 Porsiyon (125 g)
Pudra Şekeri;389;0;99,5;0;0;1 Tatlı Kaşığı (5 g)
Prosecco;60;0;0,8;0;0;1 Kadeh (125 g)
Ramazan Pidesi;258;7,58;51,39;1,5;4,08;1 Çeyrek (65 g)
Protein Bar;153;4,43;13,2;9,08;1,95;1 Porsiyon (80 g)
Ringa Balığı (Pişmiş);203;23,03;0;11,59;0;1 Porsiyon (50 g)
Risotto Pirinci;378;9;84;0;2;1 Çorba Kaşığı (10 g)
Revani;348;5,82;55,06;9,4;1,59;1 Porsiyon (200 g)
Rezene (Pişmiş);22;2,45;2,22;0,36;4,36;1 Porsiyon (150 g)
Ravioli;91;2,9;13,9;1,9;0;1 Paket (500 g)
Rezene Bitki Çayı;0;0;0,2;0;0;1 Porsiyon (200 g)
Rezene Tohumu;345;15,8;52,29;14,87;39,8;1 Porsiyon (5 g)
Rezene Çayı;1;0,05;0,05;0;0,06;1 Porsiyon (200 g)
Rikotta Peyniri;174;11,26;3,04;12,98;0;1 Dilim (30 g)
Rezene;45;3,86;4,19;0,39;4,58;1 Porsiyon (50 g)
Ravent;21;0,9;4,54;0,2;1,8;1 Porsiyon (140 g)
Ranch Sos;121;2,31;8,93;8,52;0,77;1 Porsiyon (131 g)
Rulo Omlet;110;7,78;8,91;4,75;0,79;1 Porsiyon (175 g)
Sade Dondurma;207;3,5;23,6;11;0,7;1 Porsiyon (150 g)
Sade Poğaça;400;7,08;39,39;23,59;1,5;1 Porsiyon (90 g)
Rokfor Peyniri;369;21,54;0;30,64;0;1 Porsiyon (30 g)
Sac Kavurması;193;11,02;2,27;15,2;0,87;1 Porsiyon (160 g)
Roka Salatası;93;1,07;11,09;4,59;0,76;1 Porsiyon (70 g)
Ruşeym;382;29,1;49,6;10,7;15,1;1 Porsiyon (20 g)
Sade Pilav;147;2,49;28,27;2,49;0,51;1 Porsiyon (80 g)
Sade Makarna;120;3,45;24,97;0,88;0,95;1 Porsiyon (190 g)
Roka;25;2,58;3,65;0,66;1,6;1 Porsiyon (20 g)
Sahanda Yumurta;230;11,12;2,33;19,66;0,66;1 Porsiyon (60 g)
Sade Mısır Cipsi;539;6,6;56,9;33,4;4,9;1 Porsiyon (30 g)
Şakşuka;61;1,08;2,92;4,95;1,92;1 Porsiyon (275 g)
Salam;299;10,91;4,29;26,13;0;1 Porsiyon (50 g)
Salçalı Yumurta;134;8,82;1,27;10,49;0,17;1 Porsiyon (100 g)
Salata;30;0,94;3,49;1,2;0,81;1 Porsiyon (300 g)
Sakızlı Muhallebi;124;2,72;19,87;3,03;0,27;1 Porsiyon (100 g)
Salatalık;12;0,6;1,81;0,2;0,54;1 Adet (120 g)
Salça Çeşitleri;141;6,41;22,37;2,51;4,15;1 Porsiyon (20 g)
Salçalı Makarna;120;3,47;24,82;0,88;0,99;1 Porsiyon (193 g)
Salatalık Turşusu;7;0,32;0,89;0,1;0,27;1 Porsiyon (60 g)
Salep Toz;383;5,6;88,6;0,4;1,2;1 Paket (17 g)
Sakız;360;0;96,7;0,3;0;1 Porsiyon (16 g)
Salep;94;2,8;13,9;3;0,2;1 Su Bardağı (200 g)
Şalgam (Pişmiş);22;0,71;5,06;0,08;2;1 Porsiyon (150 g)
Samsa Tatlısı;202;3,59;18,7;12,23;1,11;1 Porsiyon (80 g)
Sandviç Ekmeği;274;7,8;57,24;2,47;2,6;1 Adet (65 g)
Sardalya (Çiğ);207;25;0;11;0;1 Adet (20 g)
Şalgam;26;0,99;4,66;0,22;3,49;1 Porsiyon (50 g)
Şalgam Suyu;5;0,52;1,06;0,11;0,16;1 Porsiyon (200 g)
Şalgam Dolması;69;2,28;8,03;3,04;2,88;1 Porsiyon (100 g)
Samsa;192;6,43;18,45;10,08;0,63;1 Porsiyon (64 g)
Samosa;146;1,85;26,98;3,11;2,06;1 Porsiyon (277 g)
Sangria;84;0,39;6,02;0,11;0,58;1 Porsiyon (163 g)
Şam Tatlısı;367;20,98;167,5;1,04;0,21;1 Porsiyon (90 g)
Şampanya;76;0,3;1,4;0;0;1 Kadeh (105 g)
Sarmısak (Pişmiş);124;6,46;23,61;0,13;2;1 Porsiyon (3 g)
Sebze Ezme Çorba;60;0,84;3,39;4,7;0,71;1 Porsiyon (200 g)
Sardalya Salatası;109;10,39;2,25;6,04;0,91;1 Porsiyon (365 g)
Sebze Çorbası (Kış);29;0,55;2,28;2,02;0,48;1 Porsiyon (425 g)
Sazan Balığı;127;17,83;0;5,6;0;1 Porsiyon (75 g)
Sarı Biber;27;1;6,32;0,21;0,9;1 Porsiyon (150 g)
Sebze Çorbası;44;1;6,06;1,68;0,99;1 Porsiyon (260 g)
Sarımsak;149;6,36;33,06;0,5;2,1;1 Porsiyon (10 g)
Sardalya (Pişmiş);138;22,95;0;5,99;0;1 Porsiyon (65 g)
Sarımsak Tozu;331;16,55;72,73;0,73;9;1 Porsiyon (4 g)
Sarı Erik;91;0,43;21,95;0,17;6;1 Çay Bardağı (50 g)
Sebze Kavurma;48;1,67;5,54;1,93;1,6;1 Porsiyon (125 g)
Sebzeli Kuskus;182;1,67;7,32;16,49;2;1 Porsiyon (94 g)
Sebzeli Dürüm;115;5,17;13,76;4,47;3,82;1 Porsiyon (250 g)
Sebzeli Çeşni;200;9;28;4;0,7;1 Tatlı Kaşığı (5 g)
Şeftali Kompostosu;68;0,27;15,23;0,09;0,53;1 Porsiyon (290 g)
Sebzeli Meze;36;1,99;5;0,85;1,91;1 Porsiyon (225 g)
Şeftali Nektarı;53;0;12,9;0;0;1 Su Bardağı (200 g)
Sebzeli Pilav;131;3,45;21,99;3,13;1,18;1 Porsiyon (270 g)
Sebzeli Börek;147;4,74;23,68;3,48;2,15;1 Dilim (135 g)
Sebzeli Çörek;127;3,18;16,26;5,34;1,42;1 Porsiyon (165 g)
Sebze Köftesi;116;7,72;14,73;2,92;3,31;1 Porsiyon (170 g)
Sebzeli Pizza;121;5,95;18,74;3;4,03;1 Porsiyon (439 g)
Sebzeli Erişte;285;7,55;53,13;5;0,73;1 Porsiyon (95 g)
Şeftali;39;0,91;9,54;0,25;1,5;1 Porsiyon (120 g)
Şeftali/Kayısı Çekirdeği Ezmesi;457;6,5;77,34;13,18;0,21;1 Porsiyon (15 g)
Şeftalili Soğuk Çay;28;0,31;6;0,06;0,86;1 Porsiyon (460 g)
Sek Krema;335;2;3;35;0;1 Kutu (200 g)
Şehriyeli Pilav;171;3,16;30,69;3,74;0,81;1 Porsiyon (270 g)
Şeker Şurubu;322;0,3;78;0;0;1 Porsiyon (20 g)
Şeftali Suyu;58;0;14,23;0;0;1 Porsiyon (200 g)
Şehriye Çeşitleri (Pişmiş);150;5,39;30,33;0,52;2,31;1 Porsiyon (150 g)
Şeker;403;0;88,8;0;0;1 Porsiyon (50 g)
Şeftali Reçeli;269;0,06;66,34;0,1;1,04;1 Porsiyon (8 g)
Şeftali (Pişmiş);43;0,84;9,32;0,11;2,46;1 Porsiyon (150 g)
Şehriye Çorbası;91;2;15;2,5;1,95;1 Porsiyon (150 g)
Semizotu Salatası;40;1,73;4,21;2,14;0,17;1 Porsiyon (110 g)
Semizotu;22;2,64;1,77;0,12;1,59;1 Porsiyon (124 g)
Sepet Peyniri;349;27;1,7;26;0;1 Dilim (30 g)
Şekersiz Kola;0;0;0;0;0;1 Kutu (330 g)
Şekersiz Limonata;12;0,15;1,8;0,13;0,42;1 Su Bardağı (200 g)
Semizotu Çorbası;27;1,23;3,5;1,06;0,11;1 Porsiyon (270 g)
Şekerpare;283;2,87;43,38;9,25;1,02;1 Porsiyon (300 g)
Semizotu Yemeği;83;2,99;10,84;3,49;0,73;1 Porsiyon (330 g)
Şekersiz Bitki Çayı;0;0;0;0;0;1 Porsiyon (150 g)
Şekersiz Güllaç;168;4,35;16,51;10,09;1,82;1 Porsiyon (190 g)
Şekersiz Çay;0;0,1;0;0;0;1 Çay Bardağı (70 g)
Şekerleme;391;0,5;95;0;0;1 Porsiyon (30 g)
Sezar Salata;128;13,27;6,6;4,99;0,7;1 Porsiyon (365 g)
Siyez Bulguru;340;9,9;64,92;1,78;9,72;1 Porsiyon (80 g)
Siyah Fasulye;341;21,6;62,36;1,42;15,5;1 Kase (100 g)
Siverek Peyniri;360;22,5;2,25;29;0;1 Porsiyon (36 g)
Siyah Üzüm;68;0,63;14,75;0,34;1,98;1 Porsiyon (150 g)
Sinarit;118;10,84;6,45;7,02;0,51;1 Porsiyon (390 g)
Sığır Fileto;97;21,44;0;1,3;0;1 Porsiyon (150 g)
Sigara Böreği;311;9,47;33,98;15,14;2,1;1 Porsiyon (60 g)
Siyah Pirinç;267;8,3;56,6;2,5;3,3;1 Porsiyon (180 g)
Şöbiyet;187;1,45;27,1;7,76;0,11;1 Porsiyon (120 g)
Sivri Acı Biber;40;2;9,46;0,2;1,5;1 Porsiyon (150 g)
Siyah Üzüm Çekirdeği;560;0,35;120;8;0;1 Porsiyon (5 g)
Soğanlı Omlet;141;5,6;4,34;11,32;1,54;1 Porsiyon (140 g)
Söğüş;15;0,78;2,21;0,21;0,75;1 Porsiyon (100 g)
Soğan Kroket;169;3,48;19,59;8,41;1,4;1 Porsiyon (148 g)
Soğuk Ayran Çorbası;172;5,45;17,75;8,55;2,64;1 Porsiyon (215 g)
Somon Balığı (Füme);117;18,28;0;4,32;0;1 Porsiyon (75 g)
Sokak Simiti;320;5;60;6,6;0;1 Porsiyon (100 g)
Somon Balığı (Pişmiş);231;25,72;0;13,38;0;1 Porsiyon (150 g)
Soğan Suyu;23;1,09;4,02;0,21;0,19;1 Porsiyon (200 g)
Soğan Tozu;341;10,41;79,12;1,04;15,2;1 Porsiyon (25 g)
Soğan Piyazı;98;1,61;5,31;7,72;1,8;1 Porsiyon (60 g)
Soda;0;0;0;0;0;1 Su Bardağı (200 g)
Söğüş Et;157;20,15;0,43;8,32;0,19;1 Porsiyon (100 g)
Soya Filizi;122;13,09;9,57;6,7;1,1;1 Porsiyon (12 g)
Soya Kıyma;298;45,28;19,79;1,1;14,08;1 Porsiyon (30 g)
Sorbitol;237;0;99;0;0;1 Porsiyon (5 g)
Somon Balığı;179;19,93;0;10,43;0;1 Porsiyon (150 g)
Sopresatta;3570;28,5;0;25;0;1 Porsiyon (10 g)
Sorbe;139;0,22;32,13;0,04;0,44;1 Porsiyon (25 g)
Sosisli Sandviç;253;8,25;28;11,87;2,25;1 Porsiyon (175 g)
Soslu Boncuk Makarna;233;6,66;38,2;5,52;0,73;1 Porsiyon (129 g)
Soya Sosu;60;10,51;5,57;0,1;0,8;1 Porsiyon (25 g)
Sosisli Milföy Böreği;311;12,86;11,56;24,18;0,91;1 Porsiyon (30 g)
Sosisli Sandviç Böreği;139;4,8;19,23;4,54;1,69;1 Porsiyon (225 g)
Soya Kıymalı Börek;184;9,81;25,6;4,39;2,95;1 Porsiyon (145 g)
Sucuk (Yağlı);331;14,23;5,14;28,38;0,58;1 Porsiyon (50 g)
Soya Sütü;54;4,7;5,2;2,04;1,39;1 Porsiyon (200 g)
Şu Hamuru;214;5,98;15,17;14,46;0,79;1 Porsiyon (30 g)
Soya Ürünleri;360;37,16;0,4;23,35;17,07;1 Porsiyon (50 g)
Su Kabağı;14;0,4;2,5;0,2;2,16;1 Porsiyon (150 g)
Spagetti Bolonez;151;7,92;10,44;8,48;1,05;1 Porsiyon (280 g)
Su Böreği;229;7,18;25,03;10,99;1,46;1 Porsiyon (330 g)
Su;0;0;0;0;0;1 Su Bardağı (200 g)
Su Teresi;11;2,3;1,29;0,1;0,5;1 Porsiyon (150 g)
Spaghetti Makarna (Çiğ);345;10,5;75,9;0,3;2,9;1 Porsiyon (500 g)
Soya Yağı;884;0;0;100;0;1 Porsiyon (10 g)
Su Muhallebisi;71;2,18;9,25;2;0,14;1 Porsiyon (145 g)
Sumak;349;12,3;36,7;12,9;0;1 Çay Kaşığı (3 g)
Susam Tatlısı;306;9,65;72,73;8,47;1,63;1 Porsiyon (130 g)
Supangle;122;3,48;14,62;5,1;1,27;1 Porsiyon (130 g)
Sucuklu Yumurta;242;13,48;3,38;19,52;0,48;1 Porsiyon (100 g)
Susam Yağı;884;0;0;100;0;1 Porsiyon (12 g)
Susamsız Simit;263;7,93;48,72;3,71;3,55;1 Porsiyon (100 g)
Sürülebilir Beyaz Peynir;210;5,6;6,5;18;0;1 Porsiyon (30 g)
Sushi;113;7,34;7;6,74;0,6;1 Porsiyon (150 g)
Sulu Köfte;71;3,6;8,55;2,42;0,77;1 Porsiyon (375 g)
Susamsız Pide;235;7,05;48,08;1,28;3;1 Porsiyon (70 g)
Süt Dana Kıyması;197;18,58;0;13,6;0;1 Porsiyon (100 g)
Susam;573;17,73;23,45;49,67;11,8;1 Porsiyon (10 g)
Sütlü Çikolata;537;9,2;54,1;31,5;1,36;1 Porsiyon (10 g)
Sütlaç;107;1,68;19,51;1,43;0,17;1 Porsiyon (250 g)
Sütlü Brokoli Çorbası;55;1,78;2,87;4,24;0,91;1 Porsiyon (255 g)
Sütlü Ispanak Çorba;58;1,94;3,28;4,1;1,22;1 Porsiyon (295 g)
Sütlü Çikolata (Fıstıklı);522;8,54;49,13;32,42;5,57;1 Porsiyon (5 g)
Süt (Yağsız);34;2,81;5,52;0,11;0;1 Porsiyon (200 g)
Sütlü Çikolata (Yerfıstıklı);519;9,07;49,04;31,88;5,67;1 Porsiyon (5 g)
Sütlü Bisküvi;437;7,73;79,87;9,6;0,95;1 Porsiyon (30 g)
Sütlü Çorba;61;2,39;6,45;2,91;0,1;1 Porsiyon (265 g)
Süt Helvası;282;2,55;31,89;14,69;0,35;1 Porsiyon (124 g)
Süt;61;3,3;4,7;3,3;0;1 Su Bardağı (200 g)
Süt Proteini;338;81,5;0;0,8;0;1 Porsiyon (10 g)
Tadım Ceviz İçi;600;16,5;8;55,8;14,4;1 Porsiyon (80 g)
Süzme Peynir;240;11,3;3,8;20;0;1 Dilim (30 g)
Sütlü Kereviz Çorbası;76;1,86;9,46;3,43;1,33;1 Porsiyon (210 g)
Süzme Mercimek Çorba;23;1,11;3,99;0,11;0,81;1 Porsiyon (330 g)
Tahin Helvası;562;14,6;45,1;35,8;3,9;1 Dilim (35 g)
Tahıllı Kraker;45;2;11;0;0;1 Paket (300 g)
Sütlü Tarhana Çorbası;122;3,38;12,79;6,15;1,06;1 Porsiyon (165 g)
Tadımca Fındıklı Bar;517;11,9;40,4;33,6;2,6;1 Porsiyon (30 g)
Tabbule;61;2,34;6,93;2,36;2,47;1 Porsiyon (52 g)
Tagliatelle (Pişmemiş);360;12;73;1,5;3;1 Porsiyon (40 g)
Tahıllı Bisküvi;412;8,1;74,4;11,5;5,3;1 Paket (50 g)
Sütlü Kahve;35;1,86;1,99;1,95;1,19;1 Porsiyon (205 g)
Tahin Pekmez;437;10,1;43;23,2;5,4;1 Yemek Kaşığı (15 g)
Tarhana Çorbası;60;2,3;4,99;3,29;0,56;1 Porsiyon (250 g)
Tarator Sos;102;4,23;6,63;6,14;0,16;1 Porsiyon (133 g)
Tarçınlı Şeker;370;0,9;89,71;0,74;5,62;1 Porsiyon (12 g)
Taş Mantarı;20;3,6;0,53;0,4;6,89;1 Porsiyon (200 g)
Tahinli Çörek;417;7,65;40,91;23,57;2,38;1 Porsiyon (135 g)
Tarçın;272;3,9;56;3,2;24,35;1 Çay Kaşığı (1 g)
Tane Biber (Yeşil);117;3,77;23,31;0,76;1,57;1 Porsiyon (2 g)
Tas Kebabı;303;4,96;7,05;1,28;1,17;1 Porsiyon (61 g)
Tahin;583;17,81;21,19;48;5;1 Porsiyon (30 g)
Talaş Böreği;281;8,96;30,5;13,32;2,61;1 Porsiyon (150 g)
Tantuni;168;19,29;8,42;22,26;3,07;1 Porsiyon (226 g)
Tatlı Kuskus;185;3,2;21,03;9,21;1,09;1 Porsiyon (137 g)
Tatlı Badem (Kavrulmuş);587;20,38;7;53,73;13,3;1 Porsiyon (25 g)
Tatlandırıcılı Cevizli Güllaç;117;2,7;16,38;4,53;0,17;1 Porsiyon (110 g)
Tatlı Badem;570;18,72;3,7;54,1;15,18;1 Porsiyon (25 g)
Tatlı Badem (Çekilmiş);597;19,61;3,88;56,68;11,13;1 Porsiyon (15 g)
Tatlandırıcı Çeşitleri;0;0;1;0;0;1 Porsiyon (125 g)
Tatlı Toz Biber;370;13,79;60,32;10,42;20,9;1 Porsiyon (10 g)
Tatlı Biber (Yeşil);27;1;6,32;0,21;0,9;1 Porsiyon (50 g)
Tatlandırıcılı Cevizli Kek;295;6,75;27,74;17,41;2,27;1 Porsiyon (75 g)
Tatlı/Kış Kabağı;45;1;11,69;0,1;2;1 Dilim (120 g)
Tatlı Patates;86;1,57;20,12;0,05;3;1 Porsiyon (130 g)
Tatlandırıcılı Sütlaç;39;2,69;6,55;0,09;0,07;1 Porsiyon (225 g)
Tavuk Çorbası;55;3,97;3,42;1,96;0,38;1 Porsiyon (240 g)
Tavuk But (Derisiz);121;19,66;0;4,12;0;1 Porsiyon (265 g)
Tavuk (Bütün, Derili);234;18,77;0;17,07;0;1 Porsiyon (200 g)
Tavuk Dolma;118;7,18;9,9;5,32;0,64;1 Porsiyon (415 g)
Tavuk But (Derili);221;16,52;0,25;16,61;0;1 Porsiyon (344 g)
Tavuk Baget (Derili);214;16,37;0,17;15,95;0;1 Porsiyon (111 g)
Tavuk Burger;155;11,23;7,59;8,85;0,82;1 Porsiyon (313 g)
Tavuk Baget (Derisiz);120;19,16;0;4,22;0;1 Porsiyon (88 g)
Tavuk Derisi;349;13,33;0;32,35;0;1 Adet (85 g)
Tavada Yumurta;221;11,63;1,89;18,8;0,44;1 Porsiyon (55 g)
Tavuk Döner Dürüm;124;17,24;6,05;14,55;2,51;1 Porsiyon (250 g)
Tavada Mantar;73;2,53;0,52;6,86;1,88;1 Porsiyon (135 g)
Tavuk Göğüs (Derisiz);120;22,5;0;2,62;0;1 Porsiyon (100 g)
Tavuk Kebap;141;20,73;11,84;0,98;1,24;1 Porsiyon (245 g)
Tavuk Kanadı (Derili);191;17,52;0;12,85;0;1 Porsiyon (150 g)
Tavuk Köftesi;152;13,78;7,54;7,48;0,97;1 Porsiyon (120 g)
Tavuk Kroket;224;14,27;18,82;9,96;1,38;1 Porsiyon (130 g)
Tavuk Sarma;217;19,24;17,64;7,3;0,88;1 Porsiyon (230 g)
Tavuk Eti (Derili);234;18,77;0;17,07;0;1 Porsiyon (30 g)
Tavuk Kanadı (Derisiz);126;21,97;0;3,54;0;1 Porsiyon (200 g)
Tavuk Izgara;110;17,9;2,19;3,1;0,39;1 Porsiyon (250 g)
Tavuk Kıyması;143;17,44;0;8,1;0;1 Kilogram (1000 g)
Tavuk Pane;265;16,98;19,02;13,33;1,48;1 Porsiyon (200 g)
Tavuk Göğüs (Derili);172;20,85;0;9,25;0;1 Porsiyon (30 g)
Tavuk Şiş Dürüm;139;17,41;7,66;18,27;2,92;1 Porsiyon (285 g)
Tavuk Şiş;126;18,5;2,03;4,79;0,32;1 Porsiyon (165 g)
Tavukgöğsü Tatlısı;79;2,99;14,82;0,1;0,05;1 Porsiyon (210 g)
Tavuklu Brokoli Graten;77;9,36;3,35;2,8;1,76;1 Porsiyon (450 g)
Tavuk Suyuna Çorba;117;8,53;6,82;4,64;1,19;1 Porsiyon (100 g)
Tavuklu Brokoli;75;13,67;2,85;1,42;1,1;1 Porsiyon (359 g)
Tavuk Sote;169;16,74;4,51;8,94;2,44;1 Porsiyon (170 g)
Tavuklu Nohut;152;9,17;18,55;4,78;1,73;1 Porsiyon (185 g)
Tavuklu Bezelye;71;7,62;4,2;2,37;1,46;1 Porsiyon (130 g)
Tavuk Şinitzel;272;15,85;9,85;18,88;0,48;1 Porsiyon (105 g)
Tavuklu Kabak;46;5,14;2,31;1,73;1,03;1 Porsiyon (295 g)
Tavuklu Makarna;123;7,07;9,34;6,33;1,35;1 Porsiyon (250 g)
Taze Bezelye (Pişmiş);84;6,71;12,59;0,49;5,29;1 Porsiyon (150 g)
Taze Bezelye Konservesi;52;4,32;7,71;0,32;3,3;1 Porsiyon (150 g)
Tavuklu Tepsi Böreği;149;6,65;21,53;3,81;1,64;1 Porsiyon (185 g)
Taze Adaçayı;54;1,71;6,9;2,05;2,92;1 Porsiyon (5 g)
Taze Fesleğen;23;3,15;2,65;0,64;1,6;1 Yaprak (5 g)
Taze Bakla;47;3,61;4,36;0,98;3,36;1 Porsiyon (100 g)
Tavuklu Paşa Böreği;150;9,11;19,79;3,52;1,15;1 Porsiyon (180 g)
Tavuklu Salata;65;9,73;3,23;1,34;0,99;1 Porsiyon (190 g)
Tavuklu Sandviç;149;15,57;19;0,95;3,46;1 Porsiyon (200 g)
Tavuklu Pilav;153;7,24;21,26;4,1;0,42;1 Porsiyon (220 g)
Taze Bezelye;33;2,62;4,92;0,19;2;1 Yarım Su Bardağı (150 g)
Taze Fasulye;44;2,2;6,99;0,37;2,08;1 Porsiyon (150 g)
Taze Hurma;71;0,66;15,3;0,08;3,34;1 Adet (80 g)
Taze Nohut;141;7,5;21,24;2,7;5;1 Su Bardağı (120 g)
Teflon Tava Böreği;209;8,31;26,16;7,67;1,67;1 Porsiyon (140 g)
Tel Şehriye;358;10,5;77;1;0;1 Porsiyon (50 g)
Tel Şehriye Çorbası;322;7,74;37,3;15,46;3,36;1 Porsiyon (100 g)
Taze Keçi Peyniri;264;18,52;0,89;21,08;0;1 Porsiyon (25 g)
Tepsi Böreği;375;9,17;40,4;7,42;0,04;1 Porsiyon (150 g)
Taze Lor;90;13,7;3,6;1,9;0;1 Çorba Kaşığı (10 g)
Tekirdağ Köfte;190;14,85;18,04;9,04;0,96;1 Porsiyon (140 g)
Tel Kadayıf;275;2,7;31,36;14,38;1,17;1 Porsiyon (160 g)
Tekir Balığı;117;19,35;0;3,79;0;1 Adet (50 g)
Taze Kekik;101;5,56;24,45;1,68;14;1 Kase (30 g)
Tofu;145;12,68;4,39;9,99;0,6;1 Porsiyon (30 g)
Tirit;103;10,87;3,43;4,94;0,43;1 Porsiyon (450 g)
Tiramisu;61;5,37;32,94;6,5;0,79;1 Porsiyon (172 g)
Terbiyesiz Mercimek Çorbası;32;1,29;4,47;1,02;0,92;1 Porsiyon (320 g)
Tereyağlı Mantı;205;8,97;20,76;9,26;1,37;1 Porsiyon (235 g)
Tereyağ (Pişmiş);741;0,67;0,6;83,2;0;1 Porsiyon (20 g)
Tereyağlı Tost;291;11,25;30,15;13,75;1,86;1 Porsiyon (95 g)
Tespi Kebabı;172;10,6;4,33;12,33;1,02;1 Porsiyon (196 g)
Tereyağ;753;0,19;0,85;83,22;0;1 Porsiyon (30 g)
Tereyağlı Domatesli Makarna;230;7,25;31,36;8,1;2,49;1 Porsiyon (120 g)
Toblerone;525;5,4;60;29;2,2;1 Porsiyon (15 g)
Tereyağlı Humus;356;13,69;20,18;24,59;8,34;1 Porsiyon (110 g)
Toyga Çorba;51;1,13;10,87;0,23;1,25;1 Porsiyon (200 g)
Trabzon Hurması;73;0,39;15,06;0,08;5,06;1 Adet (80 g)
Ton Balıklı Kanepe;309;5,94;13,19;26,15;1,57;1 Porsiyon (210 g)
Tortellini;215;8,67;27,88;7,78;1,47;1 Porsiyon (150 g)
Ton Balıklı Sandviç;152;7,94;15,81;6,29;2,06;1 Porsiyon (260 g)
Tortellini (Pişmemiş);307;13,5;47;7,23;1,9;1 Porsiyon (100 g)
Ton Balığı (Fileto);165;29,2;0,1;4,5;0;1 Porsiyon (125 g)
Ton Balığı (Kızartılmış);253;24,6;0;17,3;0;1 Porsiyon (150 g)
Ton Balıklı Makarna;121;6,96;16,2;3,28;0,62;1 Porsiyon (293 g)
Tortilla;322;5,66;42,26;14,63;3,46;1 Porsiyon (30 g)
Ton Balıklı Suşi;80;1,95;7,99;4,61;0,37;1 Porsiyon (156 g)
Tonik;34;0;8,8;0;0;1 Bardak (100 g)
Tutmaç Çorbası;72;3,01;7,2;3,07;2,06;1 Porsiyon (270 g)
Tuz (İyotsuz);2;0;0,39;0;0;1 Porsiyon (5 g)
Tuzlu Çubuk Kraker;385;10,6;78,5;5,6;4,6;1 Porsiyon (50 g)
Trileçe;163;6,95;21,05;5;0,07;1 Porsiyon (185 g)
Turunçgiller;47;1;9,19;0,2;2,2;1 Porsiyon (150 g)
Tuzlu Kraker;417;9,8;79,6;7,8;3,5;1 Porsiyon (80 g)
Tuzsuz Ekmek;259;7,97;53,83;0,89;3,32;1 Porsiyon (30 g)
Turna Yemişi (Cranberry);46;0,46;11,97;0,13;3,6;1 Porsiyon (185 g)
Türlü;52;1,4;5,08;2,82;2,28;1 Porsiyon (275 g)
Truffle;308;4,52;39,06;14,97;2,28;1 Porsiyon (58 g)
Tuz (İyotlu);1;0;0,22;0;0;1 Porsiyon (1 g)
Tulumba Tatlısı;282;2,8;46,04;7,52;0,64;1 Porsiyon (240 g)
Üzüm Pestili;353;1,31;84,49;3,27;3,27;1 Porsiyon (70 g)
Unsuz Mücver;76;4,18;9,91;2,06;2,13;1 Porsiyon (140 g)
Üzüm Nektarı;76;0,32;17,77;0,12;0;1 Su Bardağı (200 g)
Un Çorbası;37;0,67;4,71;1,69;0,27;1 Porsiyon (220 g)
Urfa Kebap;177;15,38;1,64;11,88;0,61;1 Porsiyon (150 g)
Uskumru Balığı;205;18,6;0;13,89;0;1 Adet (85 g)
Üzüm Konservesi;94;0,38;22,18;0,16;0,44;1 Porsiyon (125 g)
Üzüm Sirkesi;14;0,13;3,25;0;0;1 Porsiyon (13 g)
Un Kurabiyesi;428;0,6;70,3;15,58;1,06;1 Porsiyon (150 g)
Üzüm Pekmezi;242;1,12;59,28;0;0,21;1 Porsiyon (12 g)
Un Helvası;327;0,13;48,31;13,53;0,48;1 Porsiyon (90 g)
Urfa Dürümü;156;13,91;8,3;25,11;3,44;1 Porsiyon (215 g)
Vanilin/Vanilya;403;0;88,8;0;0;1 Paket (10 g)
Üzüm Suyu;55;0,11;13,45;0;0,23;1 Porsiyon (200 g)
Vanilyalı Dondurma;207;3,5;23,6;11;0,7;1 Porsiyon (50 g)
Vanilya (Doğal);16;0;0;0;0;1 Paket (5 g)
Viski;250;0;0,11;0;0;1 Kadeh (50 g)
Vanilya Şurubu;200;0;50;0;0;1 Porsiyon (5 g)
Vejetaryen Brokoli;45;2,13;6;1,3;2,07;1 Porsiyon (285 g)
Vejetaryen Bamya;47;1,83;3,86;2,56;3,75;1 Porsiyon (150 g)
Vejetaryen Börülce;88;5,23;11,12;2,41;4,36;1 Porsiyon (185 g)
Üzüm;69;0,72;18,1;0,16;0,9;1 Salkım (70 g)
Üzümlü Kek;396;5,54;43,75;20,93;1,31;1 Dilim (60 g)
Vejetaryen Ispanak;46;2,67;4,63;1,62;2,56;1 Porsiyon (230 g)
Vişne Nektarı;54;0;13;0;0;1 Su Bardağı (200 g)
Vişne (Pişmiş);60;0,94;11,5;0,42;1,11;1 Porsiyon (120 g)
Vişneli Dondurma;210;6;33;6;0;1 Porsiyon (50 g)
Vişne Likörü;438;0;50,7;0;0;1 Bardak (30 g)
Vişne Hoşafı;66;0,19;14,11;0,09;0,22;1 Porsiyon (300 g)
Vişne Kurusu;333;1,25;80,45;0,73;2,5;1 Çorba Kaşığı (15 g)
Vişne Suyu;58;0,82;11,36;0,32;0;1 Porsiyon (200 g)
Vişne Kompostosu;72;0,26;15,41;0,11;0,3;1 Porsiyon (290 g)
Vişne Konservesi;54;0,44;11,99;0,06;2,09;1 Porsiyon (200 g)
Vişne;61;0,59;12,02;0,45;3,16;1 Porsiyon (120 g)
Vişne Reçeli;277;0,33;67,08;0,15;0,38;1 Porsiyon (5 g)
Vişne (Dondurulmuş);39;0,69;7,97;0,08;1,79;1 Porsiyon (120 g)
Wasabi (Kök, Çiğ);109;4,8;23,54;0,63;7,8;1 Porsiyon (100 g)
Yabani Mercanköşk/Oregano;67;2,2;9,7;2;2,52;1 Porsiyon (5 g)
Whey Protein;359;58,14;29,07;1,16;0;1 Ölçü Kaşığı (30 g)
Vişneli Muhallebi;115;2,02;16,26;4,15;0,08;1 Porsiyon (200 g)
Yağlı Beyaz Peynir;309;16,01;8,21;23,51;0;1 Porsiyon (30 g)
Vişneli Puding;125;4,13;24,45;4,18;0,17;1 Porsiyon (150 g)
Wasa Multigrain;45;2;11;0;2;1 Paket (275 g)
Whole Wheat Bread;226;6,38;42,94;2,91;0;1 Porsiyon (30 g)
Yaban Turpu;34;0,33;6,74;0,17;2,29;1 Porsiyon (150 g)
Wasabi Sosu;292;2,23;46,13;10,9;6,1;1 Porsiyon (5 g)
Yaban Mersini;44;0,46;8,49;0,34;2,73;1 Fincan (100 g)
Vişneli Tart;342;5,39;38,33;18,4;0,42;1 Porsiyon (300 g)
Yayla Çorbası;47;1,46;6,47;1,61;0,13;1 Porsiyon (210 g)
Yer Elması;73;2;17,44;0,01;1,6;1 Porsiyon (120 g)
Yeşil Dolmalık Biber;23;0,68;4,23;0,11;1,29;1 Porsiyon (150 g)
Yeşil Elma;52;0,26;13,81;0,17;2,4;1 Adet (90 g)
Yeşil Biber Konservesi;18;0,8;3,9;0,3;1,2;1 Porsiyon (100 g)
Yer Fıstığı;567;25,8;16,13;44,24;8,5;1 Avuç (40 g)
Yaş Pasta;250;4,13;44,59;4,06;0,95;1 Porsiyon (145 g)
Yeşil Domates;24;1,2;4,6;0,2;0,95;1 Porsiyon (150 g)
Yer Lahanası;27;1,7;6,2;0,1;3,6;1 Porsiyon (150 g)
Yer Fıstığı Drajesi;530;20,2;26,59;38,48;8,74;1 Porsiyon (10 g)
Yağlı Cacık;60;1,81;2,1;4,88;0,54;1 Porsiyon (205 g)
Yaş Maya;104;12,48;7,24;1,06;7,66;1 Adet (5 g)
Yoğurt Çorbası;75;2,11;9,6;3,01;0,32;1 Porsiyon (100 g)
Yeşil Soğan;29;1,31;4,63;0,19;1,72;1 Porsiyon (50 g)
Yeşil Mercimekli Börek;238;9,77;35,8;5,92;3,8;1 Porsiyon (100 g)
Yeşil/Dolmalık Biber Turşusu;24;0,69;2,01;0;6,46;1 Porsiyon (30 g)
Yeşil Kahve;3;0,2;0,5;0;0;1 Fincan (200 g)
Yeşil Mercimek;299;23;36,62;0,92;25,99;1 Fincan (95 g)
Yeşil Salata;41;1,15;3,33;2,11;1,67;1 Porsiyon (190 g)
Yeşilacı/Sivri Biber Tozu;270;9,72;51,73;1,51;26,78;1 Porsiyon (2 g)
Yılan Balığı (Pişmiş);236;23,65;0;14,95;0;1 Porsiyon (150 g)
Yeşil Mercimek Çorbası;80;3;8,03;4,02;1,67;1 Porsiyon (150 g)
Yeşil Zeytin;144;1,5;2,8;13,5;0;1 Porsiyon (20 g)
Yeşil Sağlık;43;1,15;9,17;0,34;1,86;1 Porsiyon (525 g)
Yoğurtlu Makarna;162;5,3;21,5;5,62;2,21;1 Porsiyon (80 g)
Yoğurtlu Meyveli Cup;78;3,39;9,52;2,82;2,03;1 Porsiyon (178 g)
Yoğurtlu Ispanak;42;2,34;2,38;2,42;1,52;1 Porsiyon (327 g)
Yoğurtlu Dondurma;95;2,98;5,14;6,79;0;1 Porsiyon (222 g)
Yoğurtlu Meyve;67;1,24;11,38;1,89;1,79;1 Porsiyon (140 g)
Yoğurtlu Brokoli Salatası;45;2,83;3,1;2,22;1,63;1 Porsiyon (240 g)
Yoğurt;62;3;4,9;3,4;0;1 Su Bardağı (180 g)
Yoğurtlama;42;2,48;4,67;1,66;2,14;1 Porsiyon (153 g)
Yoğurtlu Müsli;79;4,36;8,73;2,51;1,16;1 Porsiyon (265 g)
Yoğurtlu Mantı;156;9,09;18,39;4,83;1,14;1 Porsiyon (255 g)
Yoğurtlu Havuç;66;2,62;5,73;3,68;0,45;1 Porsiyon (230 g)
Yoğurt Tatlısı;206;2,73;37,86;3,12;0,93;1 Porsiyon (210 g)
Yoğurtsuz Mantı;197;8,79;24,74;6,71;1,79;1 Porsiyon (130 g)
Yufka;242;6,84;50,11;0,88;3,1;1 Adet (160 g)
Yulaf Özü Çorbası;68;4,61;9,91;2,85;1,67;1 Porsiyon (245 g)
Yoğurtlu Pazı;59;2,13;3,32;3,83;1,57;1 Porsiyon (350 g)
Yufkasız Börek;133;7,43;10,99;6,58;1,09;1 Porsiyon (144 g)
Yufka Ekmeği;314;7,47;66,94;1,06;3,4;1 Adet (200 g)
Yufka Böreği;179;5,17;33,75;3,7;0,9;1 Porsiyon (182 g)
Yulaf Kepeği;347;17,3;56,51;5,26;10,82;1 Porsiyon (100 g)
Yosun;35;5,81;5,11;0,28;0,3;1 Yaprak (10 g)
Yulaf Ezmesi;370;12,53;63,29;7;5,43;1 Çorba Kaşığı (10 g)
Yulaf Gevreği/Müsli;350;12,6;60,7;7;9,2;1 Porsiyon (50 g)
Yoğurtlu Salatalık;52;3,48;5,5;1,47;0,58;1 Porsiyon (120 g)
Yulaflı Çorba;29;0,66;2,51;1,84;0,52;1 Porsiyon (375 g)
Yulaf;351;11,35;57,25;5,8;12,24;1 Porsiyon (100 g)
Yumurtalı Fasulye;69;4,08;2,86;4,53;2,15;1 Porsiyon (270 g)
Yumurta Akı;50;11,1;0,7;0,2;0;1 Porsiyon (30 g)
Yumurta Sarısı;349;16,1;0,3;31,9;0;1 Porsiyon (20 g)
Yulaflı Omlet;190;14,86;8,85;12,22;1,98;1 Porsiyon (110 g)
Yumurta Salatası;124;9,45;2,8;8,4;1,15;1 Porsiyon (95 g)
Yulaflı Bisküvi;488;4,21;53,81;26,49;3,05;1 Porsiyon (80 g)
Yulaf Unu;353;9,62;54,19;7,76;13,84;1 Porsiyon (1000 g)
Yumurtalı Ekmek;249;9,13;29,85;10,18;1,91;1 Porsiyon (70 g)
Yumurta;154;12,9;0,7;11,2;0;1 Adet (50 g)
Yumurtalı Börülce;160;7,58;8,39;10,71;3,37;1 Porsiyon (180 g)
Zencefil (Kök);80;1,82;17,77;0,75;2;1 Tatlı Kaşığı (5 g)
Yuvalama;167;12,56;34,31;4,01;0,62;1 Porsiyon (228 g)
Yumurtalı Tost;206;11,16;16,97;10,33;1,19;1 Porsiyon (175 g)
Yumurtalı Ispanak;60;4,08;1,2;4,17;2,03;1 Porsiyon (295 g)
Zencefil Turşusu;20;0,33;4,83;0;2,6;1 Porsiyon (100 g)
Zerde;201;1,32;44,26;0,67;0,3;1 Porsiyon (150 g)
Zeytinli Ekmek;264;7,68;36,99;9,26;6,78;1 Porsiyon (65 g)
Yumurtalı Pırasa;79;4,39;2,35;5,77;1,28;1 Porsiyon (210 g)
Zeytin;207;1,8;1,1;21;0;1 Porsiyon (20 g)
Zerdeçal Tozu;312;9,68;67,14;3,25;22,7;1 Porsiyon (5 g)
Zencefil Tozu;335;8,98;71,62;4,24;14,1;1 Porsiyon (1 g)
Zeytin Ezmesi;204;0,6;0,6;2,1;1,68;1 Yemek Kaşığı (10 g)
Zeytinyağı;882;0;0,2;99,6;0;1 Su Bardağı (152 g)
Zeytinli Erişte;215;6;19,59;12,3;1,62;1 Porsiyon (170 g)
Zeytinyağlı Brüksel Lahanası;54;3,7;5,84;1,65;3,81;1 Porsiyon (110 g)
Zeytinyağlı Bamya;43;1,18;2,7;2,95;2,24;1 Porsiyon (180 g)
Zeytinyağlı Börülce;104;5,55;11,74;3,76;4,52;1 Porsiyon (180 g)
Zeytinyağlı Barbunya;155;9,29;25,14;2,18;9,82;1 Porsiyon (170 g)
Zeytinli Poğaça;381;7,22;34,24;24,67;1,71;1 Porsiyon (100 g)
Zeytinyağlı Enginar;74;2,48;10,14;2,47;6,66;1 Porsiyon (200 g)
Zeytinyağlı Biber Dolması;176;2,27;13,65;12,53;1,42;1 Porsiyon (155 g)
Zeytinyağlı Brokoli;52;2,22;5,26;2,35;2,15;1 Porsiyon (150 g)
Zeytinyağlı Bezelye;55;1,9;7,42;1,87;1,69;1 Porsiyon (180 g)
Zeytinyağlı Çılbır;219;11,62;1,08;18,91;0,24;1 Porsiyon (56 g)
Zeytinyağlı Mantar;81;2,16;2,93;6,85;1,99;1 Porsiyon (150 g)
Zeytinyağlı Taze Barbunya;70;2,96;9,55;2,27;3,64;1 Porsiyon (190 g)
Zeytinyağlı Kereviz;52;0,69;5,76;2,98;0,87;1 Porsiyon (422 g)
Zeytinyağlı Kuru Barbunya;124;5,38;17,33;3,79;5,65;1 Porsiyon (145 g)
Zeytinyağlı Ispanak;42;2,13;1,01;3,11;2,19;1 Porsiyon (175 g)
Zeytinyağlı Şakşuka;34;1,13;3,12;1,84;2,29;1 Porsiyon (220 g)
Zeytinyağlı Sarımsaklı Bamya;111;1,79;4,24;9,66;3,39;1 Porsiyon (155 g)
Zeytinyağlı Patlıcan;56;1,23;3,85;3,9;2,01;1 Porsiyon (215 g)
Zeytinyağlı Pırasa;60;1,43;6,61;2,87;1,3;1 Porsiyon (190 g)
